name,city,cities,host,url,address,telephone,fax,editorial_email,publisher,editor,other_roles,schedule,affiliation
TRI-COUNTY LEDGER,Albany,Albany; King City,,,"110 E. Vermont St., PO Box 428, King City 64463",(660) 535-4313,,news@tricounty.net,Matthew Pearl,Matthew Pearl,,Fri.,Dem
APPLETON CITY JOURNAL,Appleton City,Appleton City,www.stclaircourier.com,www.stclaircourier.com/,"285 Pine, PO Box 580, Osceola 64776",(417) 646-2211,,sacosagenews@centurytel.net,Trevor Vernon,Brandy Bourland,,Fri.,Rep
ARNOLD-IMPERIAL LEADER,Arnold,Arnold,www.myleaderpaper.com,www.myleaderpaper.com,"503 N. Second St., PO Box 159, Festus 63028",(636) 937-7501,,news@leaderpublications.biz,Pam LaPlant,Kim Robertson,,Thurs.,NP
BOONE COUNTY JOURNAL,Ashland,Ashland,www.bocojo.com,www.bocojo.com,"201 S. Henry Clay, PO Box 197, Ashland 65010",(573) 657-2334,,bocojoreporter@gmail.com,Tara Blue,,,Wed.,Rep
"AURORA ADVERTISER, THE",Aurora,Aurora,www.auroraadvertiser.net,www.auroraadvertiser.net,"212 E. Main St., Neosho 64850",(417) 451-1520,,news@auroraadvertiser.net,Jimmy Sexton,,,Fri.,NP
DOUGLAS COUNTY HERALD,Ava,Ava,www.douglascountyherald.com,www.douglascountyherald.com,"302 E. Washington, PO Box 577, Ava 65608",(417) 683-4181,,,Scott Hoskins,Kim Combs,,Thurs.,Rep
MARIES COUNTY ADVOCATE,Belle,Belle; Vienna,www.mariescountyadvocate.com,www.mariescountyadvocate.com,"1110 Hwy. 28, Unit B, PO Box 540, Belle 65013",(573) 437-2323 (Belle); (573) 422-6323 (Vienna),,news@wardpub.com,Dennis Warden,Dave Marner,,Wed.,Rep
NORTH CASS HERALD,Belton,Belton,www.northcassherald.com,www.northcassherald.com,"120 N. Main, Belton 64033",(816) 322-2375,,allen@northcassherald.com,Laurie Bassett,Allen Edmonds,,Fri,NP
BETHANY REPUBLICAN-CLIPPER,Bethany,Bethany,www.bethanyclipper.com,www.bethanyclipper.com,"202 N. 16th St., PO Box 351, Bethany 64424",(660) 425-6325,(660) 425-3441,news1@grm.net,Phillip G. Conger,Phillip G. Conger,,Wed.,Rep
BOLIVAR HERALD-FREE PRESS,Bolivar,Bolivar,www.bolivarmonews.com,www.bolivarmonews.com,"335 S. Springfield Ave., PO Box 330, Bolivar 65613",(417) 326-7636,,news@bolivarmonews.com,Deanna Moore,,,Wed. & Fri.,Rep
BOONVILLE NEWS,Boonville,Boonville,www.boonvilledailynews.com,www.boonvilledailynews.com,"301 Main St., PO Box 47, Boonville 65233",(660) 774-4183,,news@boonvilledailynews.com,Jeremy Gulban,,Reporter: Chris Bowie,Wed. & Fri.,NP
PIKE COUNTY NEWS,Bowling Green,Bowling Green; Louisiana,www.pikecountynews.com,www.pikecountynews.com,"106 W. Main St., PO Box 110, Bowling Green 63334",(573) 324-2222,,sschwartz@pikecountynews.com,Amy Elliott,Stan Schwartz,,Wed.,Rep
BRANSON TRI-LAKES NEWS,Branson,Branson,www.bransontrilakesnews.com,www.bransontrilakesnews.com,"200 Industrial Park Dr., PO Box 1900, Hollister 65672",(417) 334-3161,,editor@bransontrilakesnews.com,Karen Fioretti,AJ Fahr,,Wed. & Sat.,Rep
LINN COUNTY LEADER,Brookfield,Brookfield,www.linncountyleader.com,www.linncountyleader.com,"PO Box 707, Chillicothe 64601",(660) 858-8700,,ahutschreider@cherryroad.com,Jeremy Gulban,Angie Hutschreider,,Fri.,NP
BUFFALO REFLEX,Buffalo,Buffalo,www.buffaloreflex.com,www.buffaloreflex.com,"114 E. Lincoln St., PO Box 770, Buffalo 65622",(417) 345-2224,,news@buffaloreflex.com,Deanna Moore,Kailyn Smith,,Wed.,Rep
CALIFORNIA DEMOCRAT,California,California,www.californiademocrat.com,www.californiademocrat.com,"PO Box 126, California 65018",(573) 796-2135,,editor@californiademocrat.com,Gary Castor,Kaden Quinn,,Wed.,NP
LAKE SUN,Camdenton,Camdenton,www.lakenewsonline.com,www.lakenewsonline.com,"4075 Osage Beach Pkwy., Ste. 100, Camdenton 65020",(573) 346-2132,,dan.lakesun@gmail.com,Trevor Vernon,Dan Field,,Wed. & Fri.,Rep
"REPORTER, THE",Camdenton,Camdenton,www.theccreporter.com,www.theccreporter.com,"551 Old S. 5, PO Box 1265, Camdenton 65020",(573) 346-5222,,thereporter@socket.net,Dale Johnson,Dale Johnson,,Wed.,Rep
CAMERON CITIZEN-OBSERVER,Cameron,Cameron,www.mycameronnews.com,www.mycameronnews.com,"403 E. Evergreen Hwy. BB, PO Box 498, Cameron 64429",(816) 632-6543,,editor@mycameronnews.com,Amy Keeney,Mike Hanrahan,,Thurs.,Ind
LEWIS COUNTY PRESS-NEWS JOURNAL,Canton,Canton; Lagrange,www.lewispnj.com,www.lewispnj.com,"109 N. Fourth St., LaGrange 63448, PO Box 227, Canton 63435",(573) 288-5668,,rita@lewispnj.com,Rita Cox,Rita Cox,,Thurs.,NP
SOUTHEAST MISSOURIAN,Cape Girardeau,Cape Girardeau,www.semissourian.com,www.semissourian.com,"301 Broadway, PO Box 699, Cape Girardeau 63702",(573) 335-6611,,news@semissourian.com,Jon K. Rust,Rick Fahr,,"Sat., Tue. & Thurs.",NP
JASPER COUNTY CITIZEN,Carl Junction,Carl Junction,,,"101 N. Sixth St., PO Box 400, Sarcoxie 64862",(417) 548-3311,,fstop@centurytel.net,Paul E. Donley,Paul E. Donley,,Wed.,Rep
CARROLLTON DEMOCRAT,Carrollton,Carrollton,www.mainstreetnewsgroup.com,www.mainstreetnewsgroup.com/thecarrolltondemocrat,"102 E. Benton St., PO Box 69, Carrollton 64633",(660) 542-0881,,carrolltondemocrat.news@gmail.com,Frank W. Mercer,Janet Zullig,,Wed.,Dem
CARTHAGE CHRONICLE,Carthage,Carthage,www.carthagenewsonline.com,www.carthagenewsonline.com,"101 N. Sixth St., PO Box 400, Sarcoxie 64862",(417) 548-3311,,fstop@centurytel.net,Paul E. Donley,Paul E. Donley,,Wed.,Rep
PEMISCOT PRESS,Caruthersville,Caruthersville,www.pemiscotpress.com,www.pemiscotpress.com,"1011 N. Truman Blvd., PO Box 1059, Caruthersville 63877",(573) 333-4336,,cwilliams@pemiscotpress.com,Chris Pruett,Christina Williams,,Wed.,Rep
BARRY COUNTY ADVERTISER,Cassville,Cassville,www.4bcaonline.com,www.4bcaonline.com,"201 W. Ninth St., PO Box 488, Cassville 65625",(417) 847-4475,,editor@4bca.com,Karen Fioretti,,,Wed.,Rep
CASSVILLE DEMOCRAT,Cassville,Cassville,www.cassville-democrat.com,www.cassville-democrat.com,"600 Main St., PO Box 486, Cassville 65625",(417) 847-2610,,editor@cassville-democrat.com,Kyle Troutman,Kyle Troutman,,Wed.,Rep
CENTRALIA FIRESIDE GUARD,Centralia,Centralia,www.firesideguard.com,www.firesideguard.com,"123 N. Allen St., PO Box 7, Centralia 65240",(573) 682-2133,,cfged@lcs.net,Jeremy Gulban,James Smith,,Wed.,Rep
CHARLESTON ENTERPRISE-COURIER,Charleston,Charleston,www.enterprisecourier.com,www.enterprisecourier.com,"101 E. Main St., East Prairie 63845",(573) 649-9500,,news@enterprisecourier.com,Carlin Bennett,Adam Rhodes,,Tues.,Rep
WEST & MID RIVERS NEWSMAGAZINE,Chesterfield,Chesterfield; St. Charles,www.westnewsmagazine.com,www.westnewsmagazine.com,"754 Spirit 40 Park Dr., Chesterfield 63005",(636) 591-0010,,editor@newsmagazinenetwork.com,Tim Weber,Kate Uptergrove,,Bi-Monthly on Wed.,Rep
CONSTITUTION-TRIBUNE,Chillicothe,Chillicothe,www.chillicothenews.com,www.chillicothenews.com,"614 Washington St., PO Box 707, Chillicothe 64601",(660) 776-9400,,ahutschreider@cherryroad.com,Jeremy Gulban,Angie Hutschreider,,Fri.,NP
"COUNTIAN ST. LOUIS, THE",Clayton,Clayton,www.molawyersmedia.com,www.molawyersmedia.com,"7777 Bonhomme Ave., Ste. 1205, St. Louis 63105",(314) 727-6011,,edit@molawyersmedia.com,Liz Irwin,Rick Jackoway,,Daily,NP
CLINTON DAILY DEMOCRAT,Clinton,Clinton,www.clintondailydemocrat.com,www.clintondailydemocrat.com,"212 S. Washington St., PO Box 586, Clinton 64735",(660) 885-2281,,clintondailydemocrat@gmail.com,James White,Adam Howe,,Thurs.,Rep
COLE CAMP COURIER,Cole Camp,Cole Camp,www.bentoncountyenterprise.com,www.bentoncountyenterprise.com,"107 E. Main St., PO Box 128, Warsaw 65355",(660) 438-6312,,bentoncountyenterprise@yahoo.com,James White,Adam Howe,,Fri.,Rep
COLUMBIA DAILY TRIBUNE,Columbia,Columbia,www.columbiatribune.com,www.columbiatribune.com,"101 N. Fourth St., PO Box 798, Columbia 65205",(888) 348-3315,,editor@columbiatribune.com,,Stephen Herzog,Managing Editor: Stephen Herzog,Daily,Ind
COLUMBIA MISSOURIAN,Columbia,Columbia,www.columbiamissourian.com,www.columbiamissourian.com,"221 S. Eighth St., PO Box 917, Columbia 65205",(573) 882-5714,,news@columbiamissourian.com,David Kurpius,Elizabeth Stevens,,Tues.-Fri. & Sun.,Ind
"CONCORDIAN, THE",Concordia,Concordia,,,"607 S. Main St., Ste. B, PO Box 658, Concordia 64020",(660) 463-7522,,concordianpaper@gmail.com,Kathryn Dohrman,Kathryn Dohrman,,Wed.,Rep
CRANE CHRONICLE/STONE COUNTY REPUBLICAN,Crane,Crane,www.cc-scrnews.com,www.cc-scrnews.com,"114 Main St., PO Box 401, Crane 65633",(417) 723-5248,,screditor@centurylink.net,Karen Fioretti,AJ Fahr,,Thurs.,Rep
CUBA FREE PRESS,Cuba,Cuba,www.cubafreepress.co.com,www.cubafreepress.co.com,"501 E. Washington, PO Box 568, Cuba 65453",(573) 885-7460,,news@cubafreepress.com,Rob Viehman,Rob Viehman,,Thurs.,Dem
"STATESMAN, THE",Dexter,Dexter,www.dexterstatesman.com,www.dexterstatesman.com,"133 S. Walnut St., PO Box 579, Dexter 63841",(573) 624-4545,,dfarley@darnews.com,Chris Pruett,Donna Farley,,Wed.,Rep
DIXON PILOT,Dixon,Dixon,www.dixonpilot.com,www.dixonpilot.com,"302 S. Locust St., PO Drawer V, Dixon 65459",(573) 759-2127,,dixonpilotnews@yahoo.com,Connie Erisman,Connie Erisman,,Wed.,Rep
"PROSPECT-NEWS, THE",Doniphan,Doniphan,www.theprospectnews.com,www.theprospectnews.com,"110 Washington St., PO Box 367, Doniphan 63935",(573) 996-2103,,cpruett@darnews.com,Chris Pruett,,,Wed.,Rep
EAST PRAIRIE EAGLE,East Prairie,East Prairie,www.enterprisecourier.com,www.enterprisecourier.com,"101 E. Main St., East Prairie 63845",(573) 649-9500,,news@enterprisecourier.com,Carlin Bennett,Adam Rhodes,,Tues.,Rep
"EDINA SENTINEL, THE",Edina,Edina,www.edinasentinel.com,www.edinasentinel.com,"207 N. Main, PO Box 270, Edina 63537",(660) 397-2226,,editor@edinasentinel.com,Mike & Sue Scott,Echo Menges,,Wed.,Rep
EL DORADO SPRINGS SUN,El Dorado Springs,El Dorado Springs,www.eldoradospringsmo.com,www.eldoradospringsmo.com,"125 N. Main St., PO Box 71, El Dorado Springs 64744",(417) 876-3841,,kwlong@centurylink.net,Kimball Long,Kenny Long,,Thurs.,Rep
"STAR, THE",El Dorado Springs,El Dorado Springs,,,"105 S. Main St., PO Box 269, El Dorado Springs 64744",(417) 876-2500,,thestar@socket.net,James Belk,James Belk,,Thurs.,Rep
ELDON ADVERTISER,Eldon,Eldon,,,"eldonadvertiser.com, 415 S. Maple St., PO Box 315, Eldon 65026",(573) 392-5658,,tflora@vernonpublishing.com,Trevor Vernon,Tim Flora,,Thurs.,Rep
REYNOLDS COUNTY COURIER,Ellington,Ellington,www.reynoldscountycourier.com,www.reynoldscountycourier.com,"370 Main St., PO Box 130, Ellington 63638",(573) 223-7122,,news@waynecojournalbanner.com,Scott Hoskins,Kimberly Combs,General Manager/Editor: Kimberly Combs,Wed.,Rep
"ELSBERRY DEMOCRAT, THE",Elsberry,Elsberry,www.elsberrydemocrat.com,www.elsberrydemocrat.com,"280 Magee St., Troy 63379",(573) 898-2318,,gregorear@cherryroad.com,Jeremy Gulban,Gregory Orear,,Wed.,Rep
SHANNON COUNTY CURRENT WAVE,Eminence,Eminence,www.currentwave.news,www.currentwave.news,"102 Plum St., PO Box 728, Eminence 65466",(573) 226-5229,,cwave128@gmail.com,Roger Dillon,Roger Dillon,,Wed.,Dem
EUREKA LEADER,Eureka,Eureka,www.myleaderpaper.com,www.myleaderpaper.com,"503 N. Second St., PO Box 159, Festus 63028",(636) 937-7501,,news@leaderpublications.biz,Peggy Scott,Kim Robertson,,Thurs.,NP
EXCELSIOR SPRINGS STANDARD,Excelsior Springs,Excelsior Springs,www.excelsiorspringsstandard.com,www.excelsiorspringsstandard.com,"118 Spring St., Ste. B, PO Box 70, Excelsior Springs 64024",(816) 637-6155,,news@leaderpress.com,,,General Manager: Sharon Donat,Fri.,NP
FAYETTE ADVERTISER,Fayette,Fayette,www.fayettenewspapers.com,www.fayettenewspapers.com,"203 N. Main St., PO Box 32, Fayette 65248",(660) 248-2235,,news@fayettenews.com,Justin Addison,Justin Addison,,Wed.,Ind
JEFFERSON COUNTY LEADER,Festus,Festus,www.myleaderpaper.com,www.myleaderpaper.com,"503 N. Second St., PO Box 159, Festus 63028",(636) 937-7501,,news@leaderpublications.biz,Peggy Scott,Kim Robertson,,Thurs.,NP
WEST SIDE LEADER,Festus,Festus,www.myleaderpaper.com,www.myleaderpaper.com,"503 N. Second St., PO Box 159, Festus 63028",(636) 937-7501,,news@leaderpublications.biz,Peggy Scott,Kim Robertson,,Thurs.,NP
FREDERICKTOWN DEMOCRAT-NEWS,Fredericktown,Fredericktown,www.democratnewsonline.com,www.democratnewsonline.com,"131 S. Main St., PO Box 471, Fredericktown 63645",(573) 783-3366,,dn@democratnewsonline.com,Scott Hoskins,Alan Kopitsky,,Wed.,NP
FULTON SUN,Fulton,Fulton,www.fultonsun.com,www.fultonsun.com,"115 E. Fifth St., PO Box 420, Fulton 65251",(573) 642-7272,,editor@fultonsun.com,Gary Castor,Emily O’Leary,,Sat.,NP
GAINESVILLE OZARK COUNTY TIMES,Gainesville,Gainesville,www.ozarkcountytimes.com,www.ozarkcountytimes.com,"504 Third St., PO Box 188, Gainesville 65655",(417) 679-4641,(417) 679-3423,jessi@ozarkcountytimes.com,Jenny Yarger,Jessi Dreckman,,Wed.,Rep
GLASGOW MISSOURIAN,Glasgow,Glasgow,www.mainstreetnewsgroup.com,www.mainstreetnewsgroup.com/theglasgowmissourian,"109 Market St., Glasgow 65254",(660) 338-2195,,glasgow@mcmsys.com,Frank Mercer,Mike Heying,,Fri.,Dem
GRANT CITY TIMES TRIBUNE,Grant City,Grant City,www.maryvilleforum.com,www.maryvilleforum.com,"1 E. Third St., PO Box 130, Grant City 64456",(660) 562-2424,,skyep@maryvilleforum.com,Ken Garner,Skye Pournazari,,Fri.,Rep
GREENFIELD VEDETTE,Greenfield,Greenfield,www.greenfieldvedette.com,www.greenfieldvedette.com,"7 N. Main, PO Box 216, Greenfield 65661",(417) 637-2712,,krista@greenfieldvedette.com,,Krista Guy,General Manager: Krista Guy,Thurs.,Ind
HALE HORIZONS,Hale,Hale,,,"29236 Hwy. J, PO Box 36, Hale 64643",(660) 565-2555,,halehorizons@yahoo.com,Cindy Corf,Robert Corf,,Wed.,Rep
CALDWELL COUNTY NEWS,Hamilton,Hamilton,www.mycaldwellcounty.com,www.mycaldwellcounty.com,"101 S. Davis, PO Box 218, Hamilton 64644",(816) 583-2116,,news@mycaldwellcounty.com,Harold Henry Jr.,Deb Rankin,,Tues.,Rep
HANNIBAL COURIER-POST,Hannibal,Hannibal,www.hannibal.net,www.hannibal.net,"130 S. Fifth St., Quincy, IL 62301",(573) 221-2800,,newsroom@courierpost.com,Ann Blunt,,Executive Editor: Matthew Hopf,Tues.-Sat.,NP
TRIBUNE AND TIMES,Harrisonville,Harrisonville,www.tribuneandtimes.com,www.tribuneandtimes.com,"305 W. Wall St. #C, PO Box 275, Harrisonville 64701",(816) 793-0540,,news@tribuneandtimes.com,Dennis Minich,James Gillespie,,Thurs.,Dem
HERMANN ADVERTISER-COURIER,Hermann,Hermann,www.hermannadvertisercourier.com,www.hermannadvertisercourier.com,"136 E. Fourth St., PO Box 350, Hermann 65041",(573) 486-5418,,acarosella@cherryroad.com,Jeremy Gulban,Anthony Carosella,,Wed.,Rep
HERMITAGE INDEX,Hermitage,Hermitage,www.hermitageindex.com,www.hermitageindex.com,"23638 Polk St., PO Box 127, Hermitage 65668",(417) 745-6404,,theindex1885@vernonpublishing.com,Trevor Vernon,,,Wed.,Rep
HIGGINSVILLE ADVANCE,Higginsville,Higginsville,www.mainstreetnewsgroup.com,www.mainstreetnewsgroup.com/higginsvilleadvance/,"3002 Hwy. 13, PO Box 422, Higginsville 64037",(660) 584-3611,,bookeradvancenews@gmail.com,Frank Mercer,Doug Booker,,Wed.,Dem
"COUNTIAN JEFFERSON, THE",Hillsboro,Hillsboro,,,"mlmcounties.com/news/jefferson-county, 10626 Hwy. 21, Ste. B, Hillsboro 63050",(636) 789-5853,,jyount@molawyersmedia.com,Johnny Aguirre,Jordan Yount,,Fri.,NP
JEFFERSON COUNTY REPORTER,Hillsboro,Hillsboro,,,"284 Main St., Hillsboro 63050",(816) 221-2552,,,Shannon Grindinger,Pamela Wingo,,Fri.,NP
HOLDEN IMAGE,Holden,Holden,www.hipaperclips.com,www.hipaperclips.com,"117 E. Second St., Holden 64040",(816) 732-5552,,holdenimagenews@gmail.com,John Roberts,John Roberts,,Thurs.,Rep
HOUSTON HERALD,Houston,Houston,www.houstonherald.com,www.houstonherald.com,"113 N. Grand Ave., PO Box 170, Houston 65483",(417) 967-2000,,news@houstonherald.com,Isaiah Buse,Isaiah Buse,,Thurs.,Dem
INDEPENDENCE EXAMINER,Independence,Independence,www.examiner.net,www.examiner.net,"12012 E. US 40, Independence 64055",(816) 648-1611,,jfox@cherryroad.com,Jeremy Gulban,Jeff Fox,,Tues.-Sat.,NP
IRONTON MOUNTAIN ECHO,Ironton,Ironton,www.myironcountynews.com,www.myironcountynews.com,"110 N. Main St., Ironton 63650",(573) 546-3917,,news@myironcountynews.com,Scott Hoskins,Kimberly Combs,General Manager/Editor: Kimberly Combs,Wed.,Rep
"CASH-BOOK JOURNAL, THE",Jackson,Jackson,www.thecash-book.com,www.thecash-book.com,"210 W. Main, PO Box 369, Jackson 63755",(583) 243-3515,,cashbook@mvp.net,Gina Raffety,Jay Forness,,Wed.,Dem
JAMESPORT TRI-COUNTY WEEKLY,Jamesport,Jamesport,www.jamesporttricountyweekly.com,www.jamesporttricountyweekly.com,"103 S. Broadway, PO Box 137, Jamesport 64648",(660) 684-6718,,tcw@grm.net,Natha McAllister,Natha McAllister,,Thurs.,Rep
JEFFERSON CITY NEWS TRIBUNE,Jefferson City,Jefferson City,www.newstribune.com,www.newstribune.com,"320 E. Capitol Ave., PO Box 420, Jefferson City 65101",(573) 636-3131,,gcastor@newstribune.com,,Gary Castor,General Manager: Gary Castor,Daily,NP
MISSOURI INDEPENDENT,Jefferson City,Jefferson City,www.missouriindependent.com,www.missouriindependent.com,"P.O. Box 2255, Jefferson City 65101",(573) 340-5153 or (573) 382-6583,,rkeller@missouriindependent.com,Jason Hancock,Rudy Keller,,,
JOPLIN GLOBE,Joplin,Joplin,www.joplinglobe.com,www.joplinglobe.com,"117 E. Fourth St., PO Box 7, Joplin 64802",(417) 623-3480,,news@joplinglobe.com,Katherine Miller,Andy Ostmeyer,,Daily,NP
KAHOKA HOMETOWN JOURNAL,Kahoka,Kahoka,www.htjournal.net,www.htjournal.net,"258 W. Main St., Kahoka 63445",(660) 727-3383,,htjournal91@gmail.com,Joe & Lisa Roberts,Joe Roberts,,Tues.,Dem
THE MEDIA,Kahoka,Kahoka,www.kahokamedia.com,www.kahokamedia.com,"178 W. Main St., PO Box 230, Kahoka 63445",(660) 727-3395,,mike@kahokamedia.com,Mike & Sue Scott,Mike Scott,,Wed.,Rep
KANSAS CITY BEACON,Kansas City,Kansas City,www.kcbeacon.org,www.kcbeacon.org,"300 E. 39th St., Kansas City 64111",(816) 514-6071,,scott@thebeacon.media,,Scott Canon,,,
DELTA DUNKLIN DEMOCRAT,Kennett,Kennett,www.dddnews.com,www.dddnews.com,"203 First St., PO Box 669, Kennett 63857",(573) 888-4505,,jdorris@dddnews.com,Chris Pruett,Jeff Dorris,General Manager/Editor: Jeff Dorris,"Tues., Thurs. & Sat.",NP
TRI-COUNTY LEDGER,King City,King City; Albany,,,"110 E. Vermont St., PO Box 498, King City 64463",(660) 535-4313,,news@tricountynews.net,Matthew Pearl,Matthew Pearl,,Fri.,Rep
KIRKSVILLE DAILY EXPRESS & NEWS,Kirksville,Kirksville,www.kirksvilledailyexpress.com,www.kirksvilledailyexpress.com,"110 E. McPherson, PO Box 809, Kirksville 63501",(660) 665-2808,,news@kirksvilledailyexpress.com,Ann Blunt,Martin Bachman,,Wed.,NP
LAMAR DEMOCRAT,Lamar,Lamar,www.lamardemocrat.com,www.lamardemocrat.com,"100 E. 11th St., PO Box 12, Lamar 64759",(417) 417-6397,,info@lamardemocrat.com,Melody Metzger,Melody Metzger,,Wed.,NP
LAWSON REVIEW,Lawson,Lawson,www.facebook.com,www.facebook.com/lawsonreview1979,"405 N. Pennsylvania Ave., PO Box 125, Lawson 64062",(816) 296-3412,,lawsonreview@gmail.com,Anita Duncan,Anita Duncan,,Wed.,Rep
LACLEDE COUNTY RECORD,Lebanon,Lebanon,www.laclederecord.com,www.laclederecord.com,"100 E. Commercial, PO Box 192, Lebanon 65536",(417) 532-9131,,editor@laclederecord.com,Jennifer Early,Steve Smith,,Wed. & Sat.,Rep
LEE’S SUMMIT TRIBUNE,Lee’s Summit,Lee’s Summit,www.lstribune.net,www.lstribune.net,"219 SE Douglas, Lee’s Summit 64063",(816) 524-0061,,editor.lstribune08@gmail.com,Linda Ahern,Linda Ahern,,Sat.,Rep
LEXINGTON NEWS,Lexington,Lexington,www.mainstreetnewsgroup.com,www.mainstreetnewsgroup.com/thelexingtonnews,"1009 Franklin Ave., PO Box 279, Lexington 64067",(660) 259-2266,,lexingtonnews@embarqmail.com,Frank Mercer,Joe Parmon,,Wed.,Dem
COURIER TRIBUNE/GLADSTONE DISPATCH,Liberty,Liberty; Kearney; Smithville,,,"mycouriertribune.com, 104 N. Main St., Liberty 64068",(816) 781-4941,,news@mycouriertribune.com,Jeremy Gulban,Amanda Lubinski,,Thurs.,Rep
LICKING NEWS,Licking,Licking,www.thelickingnews.net,www.thelickingnews.net,"115 S. Main St., PO Box 297, Licking 65542",(573) 674-2412,,shari@thelickingnews.net,Shari Harris,Christy Porter,,Thurs.,Rep
LINCOLN NEW ERA,Lincoln,Lincoln,www.bentoncountyenterprise.com,www.bentoncountyenterprise.com,"107 E. Main St., PO Box 128 Warsaw 63555",(660) 438-6312,,bentoncountyenterprise@yahoo.com,James M. White,Adam Dean Howe,,Thurs.,Rep
LINN UNTERRIFIED DEMOCRAT,Linn,Linn,www.unterrifieddemocrat.com,www.unterrifieddemocrat.com,"300 E. Main St., PO Box 109, Linn 65051",(573) 897-3150,,udnewslinn@gmail.com,Dennis Warden,Neal Johnson,,Wed.,Rep
PIKE COUNTY NEWS,Louisiana,Louisiana,www.pikecountynews.com,www.pikecountynews.com,"106 W. Main St., PO Box 110, Bowling Green 63334",(573) 324-2222,,sschwartz@cherryroad.com,Jeremy Gulban,Stan Schwartz,,Wed.,Rep
MACON COUNTY HOME PRESS & JOURNAL,Macon,Macon,www.maconhomepress.com,www.maconhomepress.com,"515 S Rubey, PO Box 303, Macon 63552",(660) 346-7046,,news@maconhomepress.com,Sharon Coram,Sharon Coram,,Wed.,NP
MARBLE HILL BANNER PRESS,Marble Hill,Marble Hill,www.thebannerpress.com,www.thebannerpress.com,"PO Box 699, Cape Girardeau 63764",(573) 388-2766,,news@thebannerpress.com,Jon Rust,Mary Layton,,Wed.,NP
MARSHALL DEMOCRAT-NEWS,Marshall,Marshall,www.marshallnews.com,www.marshallnews.com,"28 N. Jefferson Ave., PO Box 100, Marshall 65340",(660) 886-2233,,sgray@cherryroad.com,,Sarah Gray,General Manager: Sarah Gray,Wed. & Fri.,Ind
MARSHFIELD MAIL,Marshfield,Marshfield,www.marshfieldmail.com,www.marshfieldmail.com,"225 N. Clay, PO Box A, Marshfield 65706",(417) 468-2013,,news@marshfieldmail.com,Deanna Moore,Shelby Atkison,,Wed.,Rep
MARYVILLE FORUM,Maryville,Maryville,www.maryvilleforum.com,www.maryvilleforum.com,"111 E. Jenkins, PO Box 188, Maryville 64468",(660) 562-2424,,skyep@maryvilleforum.com,Ken Garner,Skye Pournazari,,Thurs.,Rep
"NODAWAY NEWS LEADER, MARYVILLE",Maryville,Maryville,www.nodawaynews.com,www.nodawaynews.com,"116 E. Third, PO Box 373, Maryville 64468",(660) 562-4747,,nnl@nodawaynews.com,Kay Wilson,Kay Wilson,,Thurs.,Rep
DEKALB CO. RECORD-HERALD,Maysville,Maysville,,,"508 S. Polk St., PO Box 98, Maysville 64469",(816) 449-2121,,pearlterry@gmail.com,Terry Pearl,Chrissy Stefano,,,
MEMPHIS DEMOCRAT,Memphis,Memphis,www.memphisdemocrat.com,www.memphisdemocrat.com,"121 S. Main St., Memphis 63555",(660) 465-7016,,news@memphisdemocrat.com,Mike & Sue Scott,Mike Scott,,Thurs.,Rep
MEXICO LEDGER,Mexico,Mexico,www.mexicoledger.com,www.mexicoledger.com,"222 S. Jefferson, Stes. 201 & 202, Mexico 65265",(573) 581-1111,,news@mexicoledger.com,Tim Schmidt,,GM/Editor: Don Munsch,Wed.,Rep
MILAN STANDARD,Milan,Milan,www.themilanstandard.com,www.themilanstandard.com,"218 N. Clark St, PO Box 276, Milan 63556",(660) 265-4244,,milanstandard1@gmail.com,Mike & Sue Scott,Mike Scott,,Thurs.,Rep
MOBERLY MONITOR-INDEX,Moberly,Moberly,www.moberlymonitor.com,www.moberlymonitor.com,"218 N. Clark St., PO Box 697, Moberly 65270",(660) 263-4123,,editor@moberlymonitor.com,Jeremy Gulban,Sarah Gray,,Fri.,Rep
MONROE CITY LAKE GAZETTE,Monroe City,Monroe City,www.lakegazette.net,www.lakegazette.net,"304 S. Main St., PO Box 187, Monroe City 63456",(573) 735-3300,(573) 735-3261,cgottman@cherryroad.com,Jeremy Gulban,Consetta Gottman,,Fri.,Rep
MONTGOMERY STANDARD,Montgomery City,Montgomery City,www.mystandardnews.com,www.mystandardnews.com,"115 W. Third St., PO Box 190, Montgomery City 63361",(573) 564-2339,,theo@mystandardnews.com,Tim Schmidt,Theo Tate,,Wed.,Rep
MOUND CITY NEWS,Mound City,Mound City,www.moundcitynews.com,www.moundcitynews.com,"18121 Hwy. 59, PO Box 175, Mound City 64470",(660) 442-5423,,moundcitynews@socket.net,Adam Johnson,Dennis Sharkey,,Thurs.,Dem
MOUNT VERNON LAWRENCE CO. RECORD,Mount Vernon,Mount Vernon,www.lawrencecountyrecord.com,www.lawrencecountyrecord.com,"312 S. Hickory St., PO Box 348, Mt. Vernon 65712, Mountain Grove / Mansfield",(417) 466-2185,,thepaper@lawrencecountyrecord.com,Ryan Squibb,Ryan Squibb,,Wed.,Rep
WRIGHT COUNTY JOURNAL,Mount Vernon,Mount Vernon,www.wrightcountyjournal.com,www.wrightcountyjournal.com,"150 E. First St., PO Box 530, Mountain Grove 65711",(417) 926-5148,,editor@wrightcountyjournal.com,Ron Schott,Ron Schott,,Wed.,Rep
NEOSHO DAILY NEWS,Neosho,Neosho,www.neoshodailynews.com,www.neoshodailynews.com,"1006 W. Harmony, PO Box 848, Neosho 64850, Tues. & Fri.",(417) 451-1520,,jimmy@neoshodailynews.com,Jimmy Sexton,,,,
"NEWTON COUNTY NEWS, NEOSHO",Neosho,Neosho,,,"15647 Hammer Rd., Neosho 64850",(417) 455-6901,,news@newconews.com,Chad Hayworth,Chad Hayworth,,Wed.,Rep
NEVADA DAILY MAIL,Nevada,Nevada,www.nevadadailymail.com,www.nevadadailymail.com,"131 S. Cedar St., PO Box 247, Nevada 64772",(417) 667-3344,(417) 667-8384,lharter@nevadadailymail.com,Lorie Harter,Sarah Honey,,"Tues., Wed., Fri. & Sat.",NP
RALLS CO HERALD-ENTERPRISE,New London,New London,www.monroe-ralls.com,www.monroe-ralls.com,"221 N. Main St., PO Box 207, Paris 65275",(573) 985-3420,,robingregg@monroecountyappeal.com,Robin Gregg,Robin Gregg,,Thurs.,NP
NEW MADRID WEEKLY RECORD,New Madrid,New Madrid,www.standard-democrat.com,www.standard-democrat.com,"205 S. New Madrid, Sikeston 63801",(573) 471-1137,,news@standard-democrat.com,DeAnna Nelson,"Leonna Heuring, David Jenkins",,Fri.,Dem
FOCUS ON OAK GROVE,Oak Grove,Oak Grove,www.theodessan.net,www.theodessan.net,"103 SE 12th St., Oak Grove 64075",(816) 690-7218,,odessannews@gmail.com,John & Joe Spaar,Ruth Ann Hafner,,Thurs.,Dem
ODESSA ODESSAN,Odessa,Odessa,www.theodessan.net,www.theodessan.net,"212 Mason St., Odessa 64076",(816) 230-5311,,odessannews@gmail.com,John & Joe Spaar,Hannah Spaar,,Thurs.,Dem
KANSAS CITY CALL NEWSPAPERS,Online newspaper,Online newspaper,www.kccallnews.net,www.kccallnews.net,"1515 E. 18th St., Kansas City 64108",(816) 842-4804,,tallen@kccallnews.net,,Tracey Allen,,Fri.,Ind
KANSAS CITY DAILY RECORD,Online newspaper,Online newspaper,www.mlmcounties.com,www.mlmcounties.com,"920 Main St., Ste. 825, Kansas City 64105",(816) 931-2002,,jyount@molawyersmedia.com,Johnny Aguirre,Jordan Yount,,Daily,NP
KANSAS CITY GLOBE,Online newspaper,Online newspaper,www.thekansascityglobe.com,www.thekansascityglobe.com,"615 E. 29th, Kansas City 64109",(816) 531-5253,,kcglobe@swbell.net,Marion Jordon,Marion Jordon,,Thurs.,Ind
KANSAS CITY NORTHEAST NEWS,Online newspaper,Online newspaper,www.northeastnews.net,www.northeastnews.net,"2659 Independence Blvd., Kansas City 64124",(816) 241-0765,,northeastnewskc@gmail.com,"Historic Northeast Media, Inc.",Julia Williams,,Biweekly Wed.,NP
KANSAS CITY STAR,Online newspaper,Online newspaper,www.kansascity.com,www.kansascity.com,"2405 Grand, Ste. 410, Kansas City 64108",(816) 234-4636,,gfarmer@kcstar.com,,,Executive Editor: Greg Farmer,Daily,NP
KANSAS CITY THE PULSE LEGAL PUBLICATION,Online newspaper,Online newspaper,www.pulselegal.com,www.pulselegal.com,"501 E. Armour Blvd., Kansas City 64109",(816) 221-2552,,lisa@pulselegal.com,Pamela Wingo,Lisa Clark,,Daily,NP
LAKE EXPO,Osage Beach,Osage Beach,www.lakeexpo.com,www.lakeexpo.com,"2820 Bagnell Dam Blvd., Ste. B5, Lake Ozark 65049",(573) 693-1990,,nathan@lakeexpo.com,Brent Simpson,Nathan Bechtold,,,
OSCEOLA ST. CLAIR COUNTY COURIER,Osceola,Osceola,,,"285 Pine St., PO Box 580, Osceola 64776",(417) 646-2211,,sacosagenews@centurytel.net,Trevor Vernon,Brandy Bourland,,Fri.,Rep
OWENSVILLE GASCONADE CO. REPUBLICAN,Owensville,Owensville,www.gasconadecountyrepublican.com,www.gasconadecountyrepublican.com,"106 E. Washington Ave., PO Box 540, Owensville 65066",(573) 437-2323,,news@wardpub.com,Dennis Warden,Dave Marner,,Wed.,Dem
CHRISTIAN COUNTY HEADLINER-NEWS,Ozark,Ozark,www.ccheadliner.com,www.ccheadliner.com,"PO Box 490, Ozark 65721",(417) 504-7515,,leahg@ccheadliner.com,Deanna Moore,Leah Greenwood,,Wed.,Rep
PALMYRA SPECTATOR,Palmyra,Palmyra,www.palmyra-spectator.com,www.palmyra-spectator.com,"304 S. Main St., Palmyra 63461, PO Box 230, Kahoka 63445",(573) 769-3111,,editorial@palmyra-spectator.com,Mike Scott,Mike Scott,,Wed.,Rep
MONROE COUNTY APPEAL,Paris,Paris,www.monroe-ralls.com,www.monroe-ralls.com,"209 N. Main St., Paris 65275",(660) 462-6937,,robingregg@monroecountyappeal.com,Robin Gregg,Robin Gregg,,Thurs.,NP
PARK HILLS DAILY JOURNAL,Park Hills,Park Hills,www.dailyjournalonline.com,www.dailyjournalonline.com,"1513 St. Joe Dr., PO Box 9, Park Hills 63601",(573) 431-2010,,dstricklin@dailyjournalonline.com,,Kevin Jenkins,President: Dwight Stricklin,Tues.,NP
MIDAMERICA FARMER GROWER,Perryville,Perryville,www.mafg.net,www.mafg.net,"19 N. Main St., PO Box 323, Perryville 63775",(573) 547-2244,,editor@mafg.net,John M. LaRose,Barb Galeski,,Fri.,Rep
"REPUBLIC-MONITOR, PERRYVILLE",Perryville,Perryville,www.republicmonitor.com,www.republicmonitor.com,"11 W. St. Joseph St., PO Box 367, Perryville 63775",(573) 547-4567,,editor@perryvillenews.com,Robert Cox,Justin Hotop,,Thurs.,Rep
PIEDMONT WAYNE CO. JOURNAL-BANNER,Piedmont,Piedmont,www.waynecojournalbanner.com,www.waynecojournalbanner.com,"101 W. Elm St., PO Box 97, Piedmont 63957, mdcp.nwaonline.com, 212 Northeast Ave., PO Box 266, Pineville 64856",(479) 571-6482,,mcpress@nwaonline.com,Scott Hoskins,Randy Moll,,Thurs.,NP
PLATTE COUNTY CITIZEN,Platte City,Platte City,www.plattecountycitizen.com,www.plattecountycitizen.com,"303 Marshall Rd., Ste. 1A, PO Box 888, Platte City 64079",(816) 858-5154,,editor@plattecountycitizen.com,Will Johnson,,,Wed.,Rep
PLATTE COUNTY LANDMARK,Platte City,Platte City,www.plattecountylandmark.com,www.plattecountylandmark.com,"212 Marshall Rd, Ste. C, PO Box 410, Platte City 64079",(816) 858-0363,,ivan@plattecountylandmark.com,Ivan Foley,Ivan Foley,,Wed.,Rep
"CLINTON COUNTY LEADER, PLATTSBURG",Plattsburg,Plattsburg,www.clintoncountyleader.com,www.clintoncountyleader.com,"102 E. Maple St., Plattsburg 64477",(816) 539-2111,,leader@clintoncountyleader.com,Jamey & D’Anna Honeycutt,Brett Adkison,,Tues.,Rep
POPLAR BLUFF DAILY AMERICAN REPUBLIC,Poplar Bluff,Poplar Bluff,www.darnews.com,www.darnews.com,"208 Poplar St., PO Box 7, Poplar Bluff 63902, Tues.–Sat. (Rep)",(573) 785-1414,,dfarley@darnews.com,Chris Pruett,Donna Farley,,,
POTOSI INDEPENDENT JOURNAL,Potosi,Potosi,www.theijnews.com,www.theijnews.com,"119 E. High St., PO Box 340, Potosi 63664",(573) 438-5141,,theijnews@gmail.com,Kris Richards & JK Richards,Neil Richards,,Thurs.,NP
PRINCETON POST-TELEGRAPH,Princeton,Princeton,northmissouriannews.com,https://northmissouriannews.com/post-telegraph,"704 Main St., PO Box 286, Princeton 64673",(660) 748-3266,,posttele@grm.net,Preston Cole,Preston Cole,,Thurs.,Rep
SCHUYLER COUNTY TIMES,Queen City,Queen City,www.schuylercountytimes.com,www.schuylercountytimes.com,"20447 New Hope Rd., Lancaster 63548",(660) 457-8555,,news@schuylercountytimes.com,Mike & Sue Scott,Mike Scott,,Thurs.,Rep
GREENE COUNTY COMMONWEALTH,Republic,Republic,www.greenecountycommonwealth.com,www.greenecountycommonwealth.com/,"312 S. Hickory St., PO Box 348, Mt. Vernon 65738",(417) 466-2185,,thepaper@lawrencecountyrecord.com,Ryan Squibb,Ryan Squibb,,Wed.,Rep
RICH HILL MINING REVIEW,Rich Hill,Rich Hill,www.richhillminingreview.com,www.richhillminingreview.com,"PO Box 580, Osceola 64779",(417) 646-2211,,richhillminingreview@gmail.com,Trevor Vernon,Brandy Bourland,,Fri.,Rep
RICHMOND NEWS,Richmond,Richmond,www.richmond-dailynews.com,www.richmond-dailynews.com,"204 W. North Main, PO Box 128, Richmond 64085",(816) 776-5454,,gm@leaderpress.com,Sharon Donat,,,Fri.,NP
ATCHISON COUNTY MAIL,Rock Port,Rock Port,www.farmerpublishing.com,www.farmerpublishing.com,"300 S. Main St., PO Box 40, Rock Port 64482",(660) 744-6245,,amail@rpt.coop,William C. & Mike Farmer,W.C. Farmer,,Thurs.,Dem
PHELPS COUNTY FOCUS,Rolla,Rolla,www.phelpscountyfocus.com,www.phelpscountyfocus.com,"101 W. Seventh St., PO Box 1128, Rolla 65401",(573) 426-3700,,contact@phelpscountyfocus.com,Catherine Wynn,Catherine Wynn,,Thurs.,Rep
SAINT JAMES PRESS,Saint James,Saint James,www.threeriverspublishing.com,www.threeriverspublishing.com,"120 S. Jefferson, Ste. 107, PO Box 428, St. James 65559",(573) 899-2345,,news@saintjamespress.com,Rob Viehman,Chris Daniels,,Thurs.,Dem
CHARITON MARQUEE,Salem,Salem,www.charitonmarquee.com,www.charitonmarquee.com,"110 E. Second St., Salisbury 65281",(660) 388-6131,,editor@charitonmarquee.com,Melanie Latamondeer,,,Wed.,Ind
THE SALEM NEWS,Salem,Salem,www.thesalemnewsonline.com,www.thesalemnewsonline.com,"500 N. Washington, PO Box 798, Salem 65560, Salisbury/ Brunswick",(573) 729-4126,,salemnews@thesalemnewsonline.com,Catherine Wynn,Catherine Wynn,,Tues.,Rep
SARCOXIE RECORD,Sarcoxie,Sarcoxie,,,"101 N. Sixth St., PO Box 400, Sarcoxie 64862",(417) 548-3311,,fstop@centurytel.net,Paul E. Donley,Paul E. Donley,,Wed.,Rep
SAVANNAH REPORTER,Savannah,Savannah,www.savrep.com,www.savrep.com,"427 W. Main St., PO Box 299, Savannah 64485",(816) 324-3149,,editor@savrep.com,Jeremy Gulban,Gregory Orear,,Thurs.,Dem
SEDALIA DEMOCRAT,Sedalia,Sedalia,www.sedaliademocrat.com,www.sedaliademocrat.com,"111 W. Fourth St., Sedalia 65301, Mon.–Sat. (Ind)",(660) 826-1000,,news@sedaliademocrat.com,Jamila Khalil,Nicole Cooke,,,
SEYMOUR WEBSTER COUNTY CITIZEN,Seymour,Seymour,www.webstercountycitizen.com,www.webstercountycitizen.com,"221 S. Commercial St., PO Box 190, Seymour 65746",(417) 935-2257,,citizen@webstercountycitizen.com,Dan Wehmer,Dan Wehmer,,Wed.,Rep
SHELBY COUNTY HERALD,Shelbyville,Shelbyville,www.shelbycountyherald.com,www.shelbycountyherald.com,"109 E. Main St., PO Box 225, Shelbyville 63469",(573) 633-2261,,editor@shelbycountyherald.com,Mike Scott,Martha Jane East,,Wed.,Dem
SHERIDAN EXPRESS,Sheridan,Sheridan,,,"sheridanexpress.blogspot.com, 205 N. Fourth, #8, PO Box 136, Sheridan 64486",(660) 254-2161,,express@grm.net,Jesse Stark,Jesse Stark,,Wed.,Dem
SIKESTON STANDARD-DEMOCRAT,Sikeston,Sikeston,www.standard-democrat.com,www.standard-democrat.com,"205 S. New Madrid, Sikeston 63801",(573) 471-1137,,news@standard-democrat.com,DeAnna Nelson,Leonna Heuring,,"Sun., Wed. & Fri.",Rep
SLATER MAIN STREET NEWS,Slater,Slater,www.slatermainstreetnews.com,www.slatermainstreetnews.com,"222 Main St., Slater 65349",(660) 529-2249,,slaternews@socket.net,Jean E. Black,Jean E. Black,,Thurs.,Dem
SPRINGFIELD BUSINESS JOURNAL,Springfield,Springfield,www.sbj.net,www.sbj.net,"2101 W. Chesterfield Blvd., Ste. B105, PO Box 1365,, Springfield 65807",(417) 831-3238,,sbj@sbj.net,Marty Goodnight,Christine Temple,,Mon.,NP
SPRINGFIELD DAILY EVENTS,Springfield,Springfield,www.thedailyevents.com,www.thedailyevents.com,"310 W. Walnut St., PO Box 1, Springfield 65806",(417) 866-1401,,editor@thedailyevents.com,Jeff Schrag,Susie Barnes,,Daily,Rep
SPRINGFIELD NEWS-LEADER,Springfield,Springfield,www.news-leader.com,www.news-leader.com,"901 E. St. Louis St., Ste. 1100, Springfield 65806",(417) 836-1170,,webeditor@news-leader.com,,Amos Bridges,,Daily,NP
ST. CHARLES COMMUNITY NEWS,St. Charles,St. Charles,www.mycnews.com,www.mycnews.com,"1001 Boardwalk Springs Pl., Ste. 111, O’Fallon 63368",(636) 379-1775,,editor@mycnews.com,Tim Schmidt,Tim Schmidt,,Wed.,NP
ST. CHARLES COUNTY BUSINESS RECORD,St. Charles,St. Charles,www.mlmcounties.com,www.mlmcounties.com,"1660 Heritage Landing, Ste. 209, St. Peters 63303",(636) 949-6928,,jyount@molawyersmedia.com,Johnny Aguirre,Jordan Yount,,Daily,NP
ST. CHARLES COUNTY JOURNAL,St. Charles,St. Charles,,,"300 S. Second St., St. Charles 63301",(816) 221-2552,,gail@pulselegal.com,Shannon Grindinger,,,Daily,NP
ST. JOSEPH NEWS-PRESS,St. Joseph,St. Joseph,www.newspressnow.com,www.newspressnow.com,"825 Edmond St., PO Box 29, St. Joseph 64502",(816) 271-8500,,steve.booher@newspressnow.com,David Bradley,Steve Booher,,Daily,Rep
ST. LOUIS AMERICAN,St. Louis,St. Louis,www.stlamerican.com,www.stlamerican.com,"2315 Pine St., St. Louis 63103",(314) 533-8000,,news@stlamerican.com,Donald Suggs,Donald Suggs,,Thurs.,Dem
ST. LOUIS BUSINESS JOURNAL,St. Louis,St. Louis,www.bizjournals.com,www.bizjournals.com/stlouis/,"815 Olive St., Ste. 100, St. Louis 63101",(314) 421-6200,,esiemers@bizjournals.com,Robert Bobroff,Erik Siemers,,Fri.,NP
ST. LOUIS CALL NEWSPAPERS,St. Louis,St. Louis,www.callnewspapers.com,www.callnewspapers.com,"9977 Lin-Ferry Dr., St. Louis 63123",(314) 843-0102,,new1@callnewspapers.com,Deborah Baker,Erin Achenbach,,Thurs.,Ind
ST. LOUIS CITY MONITOR,St. Louis,St. Louis,,,"200 N. 13th St., St. Louis 63103",(816) 221-2552,,,John Wingo,Trevor Henderson,,Daily,NP
ST. LOUIS COMMUNITY NEWS,St. Louis,St. Louis,www.mycnews.com,www.mycnews.com,"1001 Boardwalk Springs Pl., Ste. 111., O’Fallon 63368",(636) 379-1775,,editor@mycnews.com,Tim Schmidt,Tim Schmidt,,Wed.,NP
ST. LOUIS COUNTY LEDGER,St. Louis,St. Louis,,,"7730 Carondelet, Ste. 101, St. Louis 63105",(314) 862-1875,,,John Wingo,Lacey Whittaker,,Daily,NP
ST. LOUIS DAILY RECORD,St. Louis,St. Louis,www.mlmcounties.com,www.mlmcounties.com,"319 N. 100 Fourth St., Ste. 534, St. Louis 63188",(314) 421-1880,,jyount@molawyersmedia.com,Susan Bocomazo,Jordan Yount,,Daily,NP
ST. LOUIS LABOR TRIBUNE,St. Louis,St. Louis,www.labortribune.com,www.labortribune.com,"505 S. Ewing Ave., St. Louis 63103",(314) 535-9660,(314) 531-6131,tim@labortribune.com,Edward M. Finkelstein,Tim Rowden,,Thurs.,Dem
ST. LOUIS MISSOURI LAWYERS WEEKLY,St. Louis,St. Louis,www.molawyersmedia.com,www.molawyersmedia.com,"1400 S. Highway Dr., Ste. 103, Fenton 63026",(314) 421-1880,,jyount@molawyersmedia.com,Johnny Aguirre,Jordan Yount,,Daily,NP
ST. LOUIS POST-DISPATCH,St. Louis,St. Louis,www.stltoday.com,www.stltoday.com,"901 N. 10th St., St. Louis 63101",(314) 340-8888,,editor@post-dispatch.com,Ian Caso,Alan Achkar,,Daily,NP
ST. LOUIS WEBSTER - KIRKWOOD TIMES,St. Louis,St. Louis,www.timesnewspapers.com,https://www.timesnewspapers.com/webster-kirkwood,"times/, 122 W. Lockwood Ave., Second Fl., St. Louis 63119",(314) 968-2699,,newsroom@timesnewspapers.com,Randy Drilingas,Jaime Mowers,,Fri.,Dem
STE. GENEVIEVE HERALD,Ste. Genevieve,Ste. Genevieve,www.stegenherald.com,www.stegenherald.com,"316 A Market St., PO Box 447, Ste. Genevieve 63670",(573) 883-2222,,mevans@stegenherald.com,Scott Hoskins,Mark Evans,,Wed.,Rep
STEELVILLE STAR-CRAWFORD MIRROR,Steelville,Steelville,www.threeriverspublishing.com,www.threeriverspublishing.com,"115 E. Main St., PO Box BG, Steelville 65565",(573) 775-5454,,news@cubafreepress.com,Rob Viehman,Amy England,,Thurs.,Rep
"CEDAR COUNTY REPUBLICAN, STOCKTON",Stockton,Stockton,www.cedarrepublican.com,www.cedarrepublican.com,"26 Public Sq., Stockton 65785",(417) 276-4211,,news@cedarrepublican.com,Deanna Moore,Pat Hindman,,Wed.,Rep
SULLIVAN INDEPENDENT NEWS,Sullivan,Sullivan,www.mysullivannews.net,www.mysullivannews.net,"411 Scottsdale Dr., PO Box 268, Sullivan 63080",(573) 468-6511,,general@sullivannews.net,James Bartle,James Bartle,,Wed.,Ind
SUMMERSVILLE BEACON,Summersville,Summersville,www.sbeacon.com,www.sbeacon.com,"205 Richards Ave., PO Box 272, Summersville 65571",(417) 932-4700,,sbeaconeditor@gmail.com,Sharon Vaughn,Sharon Vaughn,,Tues.,NP
SWEET SPRINGS HERALD,Sweet Springs,Sweet Springs,,,"238 W. Main St., Sweet Springs 65351",(660) 335-6366,,sweetspringsherald@gmail.com,Kathryn Dohrman,Kathryn Dohrman,,Wed.,Rep
THE SOUTH MISSOURIAN NEWS,Thayer,Thayer,,,"wwwsouthmissouriannews.com, 112 Chestnut St., Thayer 65791",(417) 264-3085,,vmarshall@cherryroad.com,Jeremy Gulban,Renee James,,Thurs.,NP
TIPTON TIMES,Tipton,Tipton,www.tiptontimes.com,www.tiptontimes.com,"113 E. Morgan St., PO Box U, Tipton 65081",(660) 433-5721,,times@vernonpublishing.com,Trevor Vernon,Becky Holloway,,Thurs.,Rep
TRENTON REPUBLICAN-TIMES,Trenton,Trenton,www.republican-times.com,www.republican-times.com,"122 E. Eighth St., PO Box 548, Trenton 64683",(660) 359-2212,,news@republican-times.com,Jamey & D’Anna Honeycutt,Jamey Honeycutt,,Thurs.,Rep
LINCOLN COUNTY JOURNAL,Troy,Troy,www.lincolnnewsnow.com,www.lincolnnewsnow.com,"280 Magee St., Troy 63379",(636) 528-9550,,gorear@cherryroad.com,Jeremy Gulban,Gregory Orear,,Tues.,Ind
TROY FREE PRESS,Troy,Troy,www.lincolnnewsnow.com,www.lincolnnewsnow.com,"230 Magee St., Troy 63379",(636) 528-9550,,,Jeremy Gulban,Gregory Orear,Editor email: gorear@cherryroad.com,Wed.,Ind
UNIONVILLE REPUBLICAN,Unionville,Unionville,,,"northmissourinews.com, 111 S. 16th St., PO Box 365, Unionville 63565",(660) 947-2222,,urep@nemr.net,Ron Kinzler,Karen Bradshaw,,Wed.,Rep
CURRENT LOCAL,Van Buren,Van Buren,,,"504 Ash St., PO Box 100, Van Buren 63965",(573) 323-4515,,currentlocal@centurytel.net,Mike Grassham,Mike Grassham,,Thurs.,NP
VANDALIA LEADER,Vandalia,Vandalia,www.vandalialeader.com,www.vandalialeader.com,"101 W. Main, PO Box 110, Bowling Green 63334",(573) 594-2222,,sschwartz@pikecountynews.com,Stan Schwartz,Stan Schwartz,,Thurs.,Rep
MORGAN COUNTY STATESMAN,Versailles,Versailles,www.morgancountystatesman.com,www.morgancountystatesman.com,"104 W. Jasper, PO Box 348, Versailles 65084, Wed. (Rep",(573) 378-5441,,news@morgancountystatesman.com,Bryan E. Jones,Bryan E. Jones,,,
WARRENSBURG DAILY STAR-JOURNAL,Warrensburg,Warrensburg,www.warrensburgstarjournal.com,www.warrensburgstarjournal.com,"101 E. Market St., Ste. D, Warrensburg 64093",(660) 747-8123,,news@warrensburgstarjournal.com,Jamila Khalil,Nicole Cooke,,Tues. & Fri.,Rep
WARREN COUNTY RECORD,Warrenton,Warrenton,www.warrencountyrecord.com,www.warrencountyrecord.com,"103 E. Booneslick Rd., Warrenton 63383",(636) 456-6397,,jason@warrencountyrecord.com,Tim Schmidt,Tim Schmidt,,Thurs.,Rep
BENTON COUNTY ENTERPRISE,Warsaw,Warsaw,www.bentoncountyenterprise.com,www.bentoncountyenterprise.com,"107 E. Main St., PO Box 128, Warsaw 63555",(660) 438-6312,,bentoncountyenterprise@yahoo.com,James Mahlon White,Adam Dean Howe,,Thurs.,Rep
WASHINGTON MISSOURIAN,Washington,Washington,www.emissourian.com,www.emissourian.com,"6321 Bluff Rd., PO Box 336, Washington 63090",(636) 239-7701,,washnews@emissourian.com,William L. Miller Jr.,Jonathan Riley,,"Wed., Sat. & Sun.",Ind
WELLSVILLE OPTIC-NEWS,Wellsville,Wellsville,,,"123 W. Hudson St., PO Box 73, Wellsville 63384",(573) 684-2929,,opticnews@socket.net,Tracy L. Park,Natalie A. Ison,,Wed.,Rep
WEST PLAINS DAILY QUILL,West Plains,West Plains,www.westplainsdailyquill.net,www.westplainsdailyquill.net,"205 Washington Ave., PO Box 110, West Plains 65775",(417) 256-9191,,news@westplainsdailyquill.net,,Abby Hess,GM & Editor: Abby Hess,Wed. & Sat.,NP
WESTON CHRONICLE,Weston,Weston,www.plattechronicle.com,www.plattechronicle.com,"18275 Hwy. 45 N, PO Box 6, Weston 64098",(816) 640-2251,,wcnews@embarqmail.com,Jim & Beth McPherson,Beth McPherson,,Wed.,Dem
HOWELL COUNTY NEWS,Willow Springs,Willow Springs,www.howellcountynews.com,www.howellcountynews.com,"110 W. Main St., Willow Springs 65793",(417) 252-2123,,editor@howellcountynews.com,Amanda Mendez,Amanda Mendez,,Wed.,Rep
WINDSOR REVIEW,Windsor,Windsor,www.clintondailydemocrat.com,www.clintondailydemocrat.com,"212 S. Washington St., PO Box 586, Clinton 64735",(660) 885-2281,,clintondailydemocrat@gmail.com,James White,Adam Howe,,Thurs.,Rep
