signal,value,papers,of_those_in_our_data,our_owners,owners_disagree,newspapers,hosts
same email domain,gmail.com,22,10,"Clinton Daily Democrat | Collins, Leslie | John Roberts | Linda Ahern | Richards Neil | Valerie and Roger Dillon | Vernon Publishing | Voss, Jerrilynn | Wilson Robert",yes,"BOONE COUNTY JOURNAL | LAKE SUN | CARROLLTON DEMOCRAT | CLINTON DAILY DEMOCRAT | CONCORDIAN, THE | SHANNON COUNTY CURRENT WAVE | HIGGINSVILLE ADVANCE | HOLDEN IMAGE | KAHOKA HOMETOWN JOURNAL | LAWSON REVIEW | LEE’S SUMMIT TRIBUNE | LINN UNTERRIFIED DEMOCRAT | DEKALB CO. RECORD-HERALD | MILAN STANDARD | FOCUS ON OAK GROVE | ODESSA ODESSAN | KANSAS CITY NORTHEAST NEWS | POTOSI INDEPENDENT JOURNAL | RICH HILL MINING REVIEW | SUMMERSVILLE BEACON | SWEET SPRINGS HERALD | WINDSOR REVIEW",www.bocojo.com | www.lakenewsonline.com | www.mainstreetnewsgroup.com | www.clintondailydemocrat.com | www.currentwave.news | www.mainstreetnewsgroup.com | www.hipaperclips.com | www.htjournal.net | www.facebook.com | www.lstribune.net | www.unterrifieddemocrat.com | www.themilanstandard.com | www.theodessan.net | www.theodessan.net | www.northeastnews.net | www.theijnews.com | www.richhillminingreview.com | www.sbeacon.com | www.clintondailydemocrat.com
same publisher,jeremy gulban,15,11,CherryRoad Media,no,"BOONVILLE NEWS | LINN COUNTY LEADER | CENTRALIA FIRESIDE GUARD | CONSTITUTION-TRIBUNE | ELSBERRY DEMOCRAT, THE | HERMANN ADVERTISER-COURIER | INDEPENDENCE EXAMINER | COURIER TRIBUNE/GLADSTONE DISPATCH | PIKE COUNTY NEWS | MOBERLY MONITOR-INDEX | MONROE CITY LAKE GAZETTE | SAVANNAH REPORTER | THE SOUTH MISSOURIAN NEWS | LINCOLN COUNTY JOURNAL | TROY FREE PRESS",www.boonvilledailynews.com | www.linncountyleader.com | www.firesideguard.com | www.chillicothenews.com | www.elsberrydemocrat.com | www.hermannadvertisercourier.com | www.examiner.net | www.pikecountynews.com | www.moberlymonitor.com | www.lakegazette.net | www.savrep.com | www.lincolnnewsnow.com | www.lincolnnewsnow.com
same email domain,cherryroad.com,10,8,CherryRoad Media,no,"LINN COUNTY LEADER | CONSTITUTION-TRIBUNE | ELSBERRY DEMOCRAT, THE | HERMANN ADVERTISER-COURIER | INDEPENDENCE EXAMINER | PIKE COUNTY NEWS | MARSHALL DEMOCRAT-NEWS | MONROE CITY LAKE GAZETTE | THE SOUTH MISSOURIAN NEWS | LINCOLN COUNTY JOURNAL",www.linncountyleader.com | www.chillicothenews.com | www.elsberrydemocrat.com | www.hermannadvertisercourier.com | www.examiner.net | www.pikecountynews.com | www.marshallnews.com | www.lakegazette.net | www.lincolnnewsnow.com
same publisher,trevor vernon,7,1,Vernon Publishing,no,APPLETON CITY JOURNAL | LAKE SUN | ELDON ADVERTISER | HERMITAGE INDEX | OSCEOLA ST. CLAIR COUNTY COURIER | RICH HILL MINING REVIEW | TIPTON TIMES,www.stclaircourier.com | www.lakenewsonline.com | www.hermitageindex.com | www.richhillminingreview.com | www.tiptontimes.com
same email domain,centurytel.net,6,1,RH Media Group,no,APPLETON CITY JOURNAL | JASPER COUNTY CITIZEN | CARTHAGE CHRONICLE | OSCEOLA ST. CLAIR COUNTY COURIER | SARCOXIE RECORD | CURRENT LOCAL,www.stclaircourier.com | www.carthagenewsonline.com
same email domain,molawyersmedia.com,6,2,BridgeTower Media,no,"COUNTIAN ST. LOUIS, THE | COUNTIAN JEFFERSON, THE | KANSAS CITY DAILY RECORD | ST. CHARLES COUNTY BUSINESS RECORD | ST. LOUIS DAILY RECORD | ST. LOUIS MISSOURI LAWYERS WEEKLY",www.molawyersmedia.com | www.mlmcounties.com | www.mlmcounties.com | www.mlmcounties.com | www.molawyersmedia.com
same publisher,scott hoskins,6,6,Better Newspapers Inc | CherryRoad Media | Ellinghouse Publishing Co. Inc. | Paxton Media Group LLC | Saint Genevieve Media LLC,yes,DOUGLAS COUNTY HERALD | REYNOLDS COUNTY COURIER | FREDERICKTOWN DEMOCRAT-NEWS | IRONTON MOUNTAIN ECHO | PIEDMONT WAYNE CO. JOURNAL-BANNER | STE. GENEVIEVE HERALD,www.douglascountyherald.com | www.reynoldscountycourier.com | www.democratnewsonline.com | www.myironcountynews.com | www.waynecojournalbanner.com | www.stegenherald.com
same editor,jordan yount,5,1,BridgeTower Media,no,"COUNTIAN JEFFERSON, THE | KANSAS CITY DAILY RECORD | ST. CHARLES COUNTY BUSINESS RECORD | ST. LOUIS DAILY RECORD | ST. LOUIS MISSOURI LAWYERS WEEKLY",www.mlmcounties.com | www.mlmcounties.com | www.mlmcounties.com | www.molawyersmedia.com
same editor,mike scott,5,5,"Cheffey Mark & Patty | Feeney Chris | NEMOnews Media Group, LLC. | Sentinel Printing Company | Wilson Robert",yes,THE MEDIA | MEMPHIS DEMOCRAT | MILAN STANDARD | PALMYRA SPECTATOR | SCHUYLER COUNTY TIMES,www.kahokamedia.com | www.memphisdemocrat.com | www.themilanstandard.com | www.palmyra-spectator.com | www.schuylercountytimes.com
same email domain,socket.net,5,1,Reporter Publishing LLC/Dale Johnson,no,"REPORTER, THE | STAR, THE | MOUND CITY NEWS | SLATER MAIN STREET NEWS | WELLSVILLE OPTIC-NEWS",www.theccreporter.com | www.moundcitynews.com | www.slatermainstreetnews.com
same email domain,yahoo.com,5,4,Benton County Enterprise | Blackburn Rick,yes,COLE CAMP COURIER | DIXON PILOT | HALE HORIZONS | LINCOLN NEW ERA | BENTON COUNTY ENTERPRISE,www.bentoncountyenterprise.com | www.dixonpilot.com | www.bentoncountyenterprise.com | www.bentoncountyenterprise.com
same publisher,chris pruett,5,5,Rust Communications,no,"PEMISCOT PRESS | STATESMAN, THE | PROSPECT-NEWS, THE | DELTA DUNKLIN DEMOCRAT | POPLAR BLUFF DAILY AMERICAN REPUBLIC",www.pemiscotpress.com | www.dexterstatesman.com | www.theprospectnews.com | www.dddnews.com | www.darnews.com
same publisher,deanna moore,5,5,Carpenter Media Group,no,"BOLIVAR HERALD-FREE PRESS | BUFFALO REFLEX | MARSHFIELD MAIL | CHRISTIAN COUNTY HEADLINER-NEWS | CEDAR COUNTY REPUBLICAN, STOCKTON",www.bolivarmonews.com | www.buffaloreflex.com | www.marshfieldmail.com | www.ccheadliner.com | www.cedarrepublican.com
same publisher,mike sue scott,5,5,"Feeney Chris | NEMOnews Media Group, LLC. | Sentinel Printing Company | Wilson Robert",yes,"EDINA SENTINEL, THE | THE MEDIA | MEMPHIS DEMOCRAT | MILAN STANDARD | SCHUYLER COUNTY TIMES",www.edinasentinel.com | www.kahokamedia.com | www.memphisdemocrat.com | www.themilanstandard.com | www.schuylercountytimes.com
same publisher,tim schmidt,5,5,CherryRoad Media | The Missourian Publishing Company | Tim Schmidt | Westplex Media Group,yes,MEXICO LEDGER | MONTGOMERY STANDARD | ST. CHARLES COMMUNITY NEWS | ST. LOUIS COMMUNITY NEWS | WARREN COUNTY RECORD,www.mexicoledger.com | www.mystandardnews.com | www.mycnews.com | www.mycnews.com | www.warrencountyrecord.com
same address,503 n second st festus 63028,4,4,Leader Publications Inc.,no,ARNOLD-IMPERIAL LEADER | EUREKA LEADER | JEFFERSON COUNTY LEADER | WEST SIDE LEADER,www.myleaderpaper.com | www.myleaderpaper.com | www.myleaderpaper.com | www.myleaderpaper.com
same editor,gregory orear,4,2,CherryRoad Media,no,"ELSBERRY DEMOCRAT, THE | SAVANNAH REPORTER | LINCOLN COUNTY JOURNAL | TROY FREE PRESS",www.elsberrydemocrat.com | www.savrep.com | www.lincolnnewsnow.com | www.lincolnnewsnow.com
same editor,kim robertson,4,4,Leader Publications Inc.,no,ARNOLD-IMPERIAL LEADER | EUREKA LEADER | JEFFERSON COUNTY LEADER | WEST SIDE LEADER,www.myleaderpaper.com | www.myleaderpaper.com | www.myleaderpaper.com | www.myleaderpaper.com
same email domain,grm.net,4,2,Bethany Printing Co | Nathan McAllister,yes,BETHANY REPUBLICAN-CLIPPER | JAMESPORT TRI-COUNTY WEEKLY | PRINCETON POST-TELEGRAPH | SHERIDAN EXPRESS,www.bethanyclipper.com | www.jamesporttricountyweekly.com | northmissouriannews.com
same email domain,leaderpublications.biz,4,4,Leader Publications Inc.,no,ARNOLD-IMPERIAL LEADER | EUREKA LEADER | JEFFERSON COUNTY LEADER | WEST SIDE LEADER,www.myleaderpaper.com | www.myleaderpaper.com | www.myleaderpaper.com | www.myleaderpaper.com
same publisher,johnny aguirre,4,1,BridgeTower Media,no,"COUNTIAN JEFFERSON, THE | KANSAS CITY DAILY RECORD | ST. CHARLES COUNTY BUSINESS RECORD | ST. LOUIS MISSOURI LAWYERS WEEKLY",www.mlmcounties.com | www.mlmcounties.com | www.molawyersmedia.com
same telephone,6369377501,4,4,Leader Publications Inc.,no,ARNOLD-IMPERIAL LEADER | EUREKA LEADER | JEFFERSON COUNTY LEADER | WEST SIDE LEADER,www.myleaderpaper.com | www.myleaderpaper.com | www.myleaderpaper.com | www.myleaderpaper.com
same telephone,8162212552,4,0,(none recorded),yes,JEFFERSON COUNTY REPORTER | KANSAS CITY THE PULSE LEGAL PUBLICATION | ST. CHARLES COUNTY JOURNAL | ST. LOUIS CITY MONITOR,www.pulselegal.com
same website,mainstreetnewsgroup.com,4,0,(none recorded),yes,CARROLLTON DEMOCRAT | GLASGOW MISSOURIAN | HIGGINSVILLE ADVANCE | LEXINGTON NEWS,www.mainstreetnewsgroup.com | www.mainstreetnewsgroup.com | www.mainstreetnewsgroup.com | www.mainstreetnewsgroup.com
same website,myleaderpaper.com,4,4,Leader Publications Inc.,no,ARNOLD-IMPERIAL LEADER | EUREKA LEADER | JEFFERSON COUNTY LEADER | WEST SIDE LEADER,www.myleaderpaper.com | www.myleaderpaper.com | www.myleaderpaper.com | www.myleaderpaper.com
same address,101 n sixth st sarcoxie 64862,3,1,RH Media Group,no,JASPER COUNTY CITIZEN | CARTHAGE CHRONICLE | SARCOXIE RECORD,www.carthagenewsonline.com
same editor,adam howe,3,3,Benton County Enterprise | Clinton Daily Democrat,yes,CLINTON DAILY DEMOCRAT | COLE CAMP COURIER | WINDSOR REVIEW,www.clintondailydemocrat.com | www.bentoncountyenterprise.com | www.clintondailydemocrat.com
same editor,brandy bourland,3,0,(none recorded),yes,APPLETON CITY JOURNAL | OSCEOLA ST. CLAIR COUNTY COURIER | RICH HILL MINING REVIEW,www.stclaircourier.com | www.richhillminingreview.com
same editor,paul e donley,3,1,RH Media Group,no,JASPER COUNTY CITIZEN | CARTHAGE CHRONICLE | SARCOXIE RECORD,www.carthagenewsonline.com
same editor,stan schwartz,3,3,CherryRoad Media,no,PIKE COUNTY NEWS | PIKE COUNTY NEWS | VANDALIA LEADER,www.pikecountynews.com | www.pikecountynews.com | www.vandalialeader.com
same editor,tim schmidt,3,3,CherryRoad Media | The Missourian Publishing Company,yes,ST. CHARLES COMMUNITY NEWS | ST. LOUIS COMMUNITY NEWS | WARREN COUNTY RECORD,www.mycnews.com | www.mycnews.com | www.warrencountyrecord.com
same email domain,darnews.com,3,3,Rust Communications,no,"STATESMAN, THE | PROSPECT-NEWS, THE | POPLAR BLUFF DAILY AMERICAN REPUBLIC",www.dexterstatesman.com | www.theprospectnews.com | www.darnews.com
same email domain,vernonpublishing.com,3,0,(none recorded),yes,ELDON ADVERTISER | HERMITAGE INDEX | TIPTON TIMES,www.hermitageindex.com | www.tiptontimes.com
same publisher,dennis warden,3,3,"Voss, Jerrilynn | Warden Publishing Group",yes,MARIES COUNTY ADVOCATE | LINN UNTERRIFIED DEMOCRAT | OWENSVILLE GASCONADE CO. REPUBLICAN,www.mariescountyadvocate.com | www.unterrifieddemocrat.com | www.gasconadecountyrepublican.com
same publisher,frank mercer,3,0,(none recorded),yes,GLASGOW MISSOURIAN | HIGGINSVILLE ADVANCE | LEXINGTON NEWS,www.mainstreetnewsgroup.com | www.mainstreetnewsgroup.com | www.mainstreetnewsgroup.com
same publisher,james white,3,3,Benton County Enterprise | Clinton Daily Democrat,yes,CLINTON DAILY DEMOCRAT | COLE CAMP COURIER | WINDSOR REVIEW,www.clintondailydemocrat.com | www.bentoncountyenterprise.com | www.clintondailydemocrat.com
same publisher,karen fioretti,3,2,Lancaster Management Inc. | Melton Publishing Inc,yes,BRANSON TRI-LAKES NEWS | BARRY COUNTY ADVERTISER | CRANE CHRONICLE/STONE COUNTY REPUBLICAN,www.bransontrilakesnews.com | www.4bcaonline.com | www.cc-scrnews.com
same publisher,paul e donley,3,1,RH Media Group,no,JASPER COUNTY CITIZEN | CARTHAGE CHRONICLE | SARCOXIE RECORD,www.carthagenewsonline.com
same publisher,peggy scott,3,3,Leader Publications Inc.,no,EUREKA LEADER | JEFFERSON COUNTY LEADER | WEST SIDE LEADER,www.myleaderpaper.com | www.myleaderpaper.com | www.myleaderpaper.com
same publisher,rob viehman,3,2,Tri-County Newspaper Inc,no,CUBA FREE PRESS | SAINT JAMES PRESS | STEELVILLE STAR-CRAWFORD MIRROR,www.cubafreepress.co.com | www.threeriverspublishing.com | www.threeriverspublishing.com
same telephone,4175483311,3,1,RH Media Group,no,JASPER COUNTY CITIZEN | CARTHAGE CHRONICLE | SARCOXIE RECORD,www.carthagenewsonline.com
same telephone,4176462211,3,0,(none recorded),yes,APPLETON CITY JOURNAL | OSCEOLA ST. CLAIR COUNTY COURIER | RICH HILL MINING REVIEW,www.stclaircourier.com | www.richhillminingreview.com
same telephone,6604386312,3,3,Benton County Enterprise,no,COLE CAMP COURIER | LINCOLN NEW ERA | BENTON COUNTY ENTERPRISE,www.bentoncountyenterprise.com | www.bentoncountyenterprise.com | www.bentoncountyenterprise.com
same website,bentoncountyenterprise.com,3,3,Benton County Enterprise,no,COLE CAMP COURIER | LINCOLN NEW ERA | BENTON COUNTY ENTERPRISE,www.bentoncountyenterprise.com | www.bentoncountyenterprise.com | www.bentoncountyenterprise.com
same website,mlmcounties.com,3,0,(none recorded),yes,KANSAS CITY DAILY RECORD | ST. CHARLES COUNTY BUSINESS RECORD | ST. LOUIS DAILY RECORD,www.mlmcounties.com | www.mlmcounties.com | www.mlmcounties.com
same address,1001 boardwalk springs pl ste 111 o fallon 63368,2,2,CherryRoad Media,no,ST. CHARLES COMMUNITY NEWS | ST. LOUIS COMMUNITY NEWS,www.mycnews.com | www.mycnews.com
same address,101 e main st east prairie 63845,2,0,(none recorded),yes,CHARLESTON ENTERPRISE-COURIER | EAST PRAIRIE EAGLE,www.enterprisecourier.com | www.enterprisecourier.com
same address,106 w main st bowling green 63334,2,2,CherryRoad Media,no,PIKE COUNTY NEWS | PIKE COUNTY NEWS,www.pikecountynews.com | www.pikecountynews.com
same address,107 e main st warsaw 63555,2,2,Benton County Enterprise,no,LINCOLN NEW ERA | BENTON COUNTY ENTERPRISE,www.bentoncountyenterprise.com | www.bentoncountyenterprise.com
same address,110 e vermont st king city 64463,2,0,(none recorded),yes,TRI-COUNTY LEDGER | TRI-COUNTY LEDGER,
same address,205 s new madrid sikeston 63801,2,2,Rust Communications,no,NEW MADRID WEEKLY RECORD | SIKESTON STANDARD-DEMOCRAT,www.standard-democrat.com | www.standard-democrat.com
same address,212 s washington st clinton 64735,2,2,Clinton Daily Democrat,no,CLINTON DAILY DEMOCRAT | WINDSOR REVIEW,www.clintondailydemocrat.com | www.clintondailydemocrat.com
same address,280 magee st troy 63379,2,1,CherryRoad Media,no,"ELSBERRY DEMOCRAT, THE | LINCOLN COUNTY JOURNAL",www.elsberrydemocrat.com | www.lincolnnewsnow.com
same editor,adam dean howe,2,2,Benton County Enterprise,no,LINCOLN NEW ERA | BENTON COUNTY ENTERPRISE,www.bentoncountyenterprise.com | www.bentoncountyenterprise.com
same editor,adam rhodes,2,0,(none recorded),yes,CHARLESTON ENTERPRISE-COURIER | EAST PRAIRIE EAGLE,www.enterprisecourier.com | www.enterprisecourier.com
same editor,aj fahr,2,1,Lancaster Management Inc.,no,BRANSON TRI-LAKES NEWS | CRANE CHRONICLE/STONE COUNTY REPUBLICAN,www.bransontrilakesnews.com | www.cc-scrnews.com
same editor,angie hutschreider,2,2,CherryRoad Media,no,LINN COUNTY LEADER | CONSTITUTION-TRIBUNE,www.linncountyleader.com | www.chillicothenews.com
same editor,catherine wynn,2,2,Carpenter Media Group | Salem Publishing,yes,PHELPS COUNTY FOCUS | THE SALEM NEWS,www.phelpscountyfocus.com | www.thesalemnewsonline.com
same editor,dave marner,2,2,Warden Publishing Group,no,MARIES COUNTY ADVOCATE | OWENSVILLE GASCONADE CO. REPUBLICAN,www.mariescountyadvocate.com | www.gasconadecountyrepublican.com
same editor,donna farley,2,2,Rust Communications,no,"STATESMAN, THE | POPLAR BLUFF DAILY AMERICAN REPUBLIC",www.dexterstatesman.com | www.darnews.com
same editor,kathryn dohrman,2,0,(none recorded),yes,"CONCORDIAN, THE | SWEET SPRINGS HERALD",
same editor,kimberly combs,2,2,Paxton Media Group LLC,no,REYNOLDS COUNTY COURIER | IRONTON MOUNTAIN ECHO,www.reynoldscountycourier.com | www.myironcountynews.com
same editor,matthew pearl,2,0,(none recorded),yes,TRI-COUNTY LEDGER | TRI-COUNTY LEDGER,
same editor,nicole cooke,2,2,CherryRoad Media | Phillips Media Group,yes,SEDALIA DEMOCRAT | WARRENSBURG DAILY STAR-JOURNAL,www.sedaliademocrat.com | www.warrensburgstarjournal.com
same editor,robin gregg,2,0,(none recorded),yes,RALLS CO HERALD-ENTERPRISE | MONROE COUNTY APPEAL,www.monroe-ralls.com | www.monroe-ralls.com
same editor,ryan squibb,2,2,Squibb Media,no,MOUNT VERNON LAWRENCE CO. RECORD | GREENE COUNTY COMMONWEALTH,www.lawrencecountyrecord.com | www.greenecountycommonwealth.com
same editor,sarah gray,2,2,CherryRoad Media,no,MARSHALL DEMOCRAT-NEWS | MOBERLY MONITOR-INDEX,www.marshallnews.com | www.moberlymonitor.com
same editor,skye pournazari,2,2,"Garner Media Holdings, LLE",no,GRANT CITY TIMES TRIBUNE | MARYVILLE FORUM,www.maryvilleforum.com | www.maryvilleforum.com
same email domain,centurylink.net,2,1,Long Kenny,no,CRANE CHRONICLE/STONE COUNTY REPUBLICAN | EL DORADO SPRINGS SUN,www.cc-scrnews.com | www.eldoradospringsmo.com
same email domain,cubafreepress.com,2,1,Tri-County Newspaper Inc,no,CUBA FREE PRESS | STEELVILLE STAR-CRAWFORD MIRROR,www.cubafreepress.co.com | www.threeriverspublishing.com
same email domain,embarqmail.com,2,1,McPherson Beth,no,LEXINGTON NEWS | WESTON CHRONICLE,www.mainstreetnewsgroup.com | www.plattechronicle.com
same email domain,enterprisecourier.com,2,0,(none recorded),yes,CHARLESTON ENTERPRISE-COURIER | EAST PRAIRIE EAGLE,www.enterprisecourier.com | www.enterprisecourier.com
same email domain,lawrencecountyrecord.com,2,2,Squibb Media,no,MOUNT VERNON LAWRENCE CO. RECORD | GREENE COUNTY COMMONWEALTH,www.lawrencecountyrecord.com | www.greenecountycommonwealth.com
same email domain,leaderpress.com,2,2,Excelsior Publishing co.,no,EXCELSIOR SPRINGS STANDARD | RICHMOND NEWS,www.excelsiorspringsstandard.com | www.richmond-dailynews.com
same email domain,maryvilleforum.com,2,2,"Garner Media Holdings, LLE",no,GRANT CITY TIMES TRIBUNE | MARYVILLE FORUM,www.maryvilleforum.com | www.maryvilleforum.com
same email domain,monroecountyappeal.com,2,0,(none recorded),yes,RALLS CO HERALD-ENTERPRISE | MONROE COUNTY APPEAL,www.monroe-ralls.com | www.monroe-ralls.com
same email domain,mycnews.com,2,2,CherryRoad Media,no,ST. CHARLES COMMUNITY NEWS | ST. LOUIS COMMUNITY NEWS,www.mycnews.com | www.mycnews.com
same email domain,pikecountynews.com,2,2,CherryRoad Media,no,PIKE COUNTY NEWS | VANDALIA LEADER,www.pikecountynews.com | www.vandalialeader.com
same email domain,pulselegal.com,2,0,(none recorded),yes,KANSAS CITY THE PULSE LEGAL PUBLICATION | ST. CHARLES COUNTY JOURNAL,www.pulselegal.com
same email domain,standard-democrat.com,2,2,Rust Communications,no,NEW MADRID WEEKLY RECORD | SIKESTON STANDARD-DEMOCRAT,www.standard-democrat.com | www.standard-democrat.com
same email domain,wardpub.com,2,2,Warden Publishing Group,no,MARIES COUNTY ADVOCATE | OWENSVILLE GASCONADE CO. REPUBLICAN,www.mariescountyadvocate.com | www.gasconadecountyrepublican.com
same publisher,ann blunt,2,2,Carpenter Media Group | Phillips Media Group,yes,HANNIBAL COURIER-POST | KIRKSVILLE DAILY EXPRESS & NEWS,www.hannibal.net | www.kirksvilledailyexpress.com
same publisher,carlin bennett,2,0,(none recorded),yes,CHARLESTON ENTERPRISE-COURIER | EAST PRAIRIE EAGLE,www.enterprisecourier.com | www.enterprisecourier.com
same publisher,catherine wynn,2,2,Carpenter Media Group | Salem Publishing,yes,PHELPS COUNTY FOCUS | THE SALEM NEWS,www.phelpscountyfocus.com | www.thesalemnewsonline.com
same publisher,deanna nelson,2,2,Rust Communications,no,NEW MADRID WEEKLY RECORD | SIKESTON STANDARD-DEMOCRAT,www.standard-democrat.com | www.standard-democrat.com
same publisher,gary castor,2,2,"Faughn Media, LLC",no,CALIFORNIA DEMOCRAT | FULTON SUN,www.californiademocrat.com | www.fultonsun.com
same publisher,jamey d anna honeycutt,2,0,(none recorded),yes,"CLINTON COUNTY LEADER, PLATTSBURG | TRENTON REPUBLICAN-TIMES",www.clintoncountyleader.com | www.republican-times.com
same publisher,jamila khalil,2,2,CherryRoad Media | Phillips Media Group,yes,SEDALIA DEMOCRAT | WARRENSBURG DAILY STAR-JOURNAL,www.sedaliademocrat.com | www.warrensburgstarjournal.com
same publisher,jimmy sexton,2,2,Sexton Media Group Inc.,no,"AURORA ADVERTISER, THE | NEOSHO DAILY NEWS",www.auroraadvertiser.net | www.neoshodailynews.com
same publisher,john joe spaar,2,0,(none recorded),yes,FOCUS ON OAK GROVE | ODESSA ODESSAN,www.theodessan.net | www.theodessan.net
same publisher,john wingo,2,0,(none recorded),yes,ST. LOUIS CITY MONITOR | ST. LOUIS COUNTY LEDGER,
same publisher,kathryn dohrman,2,0,(none recorded),yes,"CONCORDIAN, THE | SWEET SPRINGS HERALD",
same publisher,ken garner,2,2,"Garner Media Holdings, LLE",no,GRANT CITY TIMES TRIBUNE | MARYVILLE FORUM,www.maryvilleforum.com | www.maryvilleforum.com
same publisher,matthew pearl,2,0,(none recorded),yes,TRI-COUNTY LEDGER | TRI-COUNTY LEDGER,
same publisher,mike scott,2,2,Cheffey Mark & Patty | Williams Communications Group Inc.,yes,PALMYRA SPECTATOR | SHELBY COUNTY HERALD,www.palmyra-spectator.com | www.shelbycountyherald.com
same publisher,robin gregg,2,0,(none recorded),yes,RALLS CO HERALD-ENTERPRISE | MONROE COUNTY APPEAL,www.monroe-ralls.com | www.monroe-ralls.com
same publisher,ryan squibb,2,2,Squibb Media,no,MOUNT VERNON LAWRENCE CO. RECORD | GREENE COUNTY COMMONWEALTH,www.lawrencecountyrecord.com | www.greenecountycommonwealth.com
same publisher,shannon grindinger,2,0,(none recorded),yes,JEFFERSON COUNTY REPORTER | ST. CHARLES COUNTY JOURNAL,
same telephone,3144211880,2,1,BridgeTower Media,no,ST. LOUIS DAILY RECORD | ST. LOUIS MISSOURI LAWYERS WEEKLY,www.mlmcounties.com | www.molawyersmedia.com
same telephone,4174511520,2,2,Sexton Media Group Inc.,no,"AURORA ADVERTISER, THE | NEOSHO DAILY NEWS",www.auroraadvertiser.net | www.neoshodailynews.com
same telephone,4174662185,2,2,Squibb Media,no,MOUNT VERNON LAWRENCE CO. RECORD | GREENE COUNTY COMMONWEALTH,www.lawrencecountyrecord.com | www.greenecountycommonwealth.com
same telephone,5733242222,2,2,CherryRoad Media,no,PIKE COUNTY NEWS | PIKE COUNTY NEWS,www.pikecountynews.com | www.pikecountynews.com
same telephone,5734372323,2,2,Warden Publishing Group,no,MARIES COUNTY ADVOCATE | OWENSVILLE GASCONADE CO. REPUBLICAN,www.mariescountyadvocate.com | www.gasconadecountyrepublican.com
same telephone,5734711137,2,2,Rust Communications,no,NEW MADRID WEEKLY RECORD | SIKESTON STANDARD-DEMOCRAT,www.standard-democrat.com | www.standard-democrat.com
same telephone,5736499500,2,0,(none recorded),yes,CHARLESTON ENTERPRISE-COURIER | EAST PRAIRIE EAGLE,www.enterprisecourier.com | www.enterprisecourier.com
same telephone,6363791775,2,2,CherryRoad Media,no,ST. CHARLES COMMUNITY NEWS | ST. LOUIS COMMUNITY NEWS,www.mycnews.com | www.mycnews.com
same telephone,6365289550,2,0,(none recorded),yes,LINCOLN COUNTY JOURNAL | TROY FREE PRESS,www.lincolnnewsnow.com | www.lincolnnewsnow.com
same telephone,6605354313,2,0,(none recorded),yes,TRI-COUNTY LEDGER | TRI-COUNTY LEDGER,
same telephone,6605622424,2,2,"Garner Media Holdings, LLE",no,GRANT CITY TIMES TRIBUNE | MARYVILLE FORUM,www.maryvilleforum.com | www.maryvilleforum.com
same telephone,6608852281,2,2,Clinton Daily Democrat,no,CLINTON DAILY DEMOCRAT | WINDSOR REVIEW,www.clintondailydemocrat.com | www.clintondailydemocrat.com
same website,clintondailydemocrat.com,2,2,Clinton Daily Democrat,no,CLINTON DAILY DEMOCRAT | WINDSOR REVIEW,www.clintondailydemocrat.com | www.clintondailydemocrat.com
same website,enterprisecourier.com,2,0,(none recorded),yes,CHARLESTON ENTERPRISE-COURIER | EAST PRAIRIE EAGLE,www.enterprisecourier.com | www.enterprisecourier.com
same website,lincolnnewsnow.com,2,0,(none recorded),yes,LINCOLN COUNTY JOURNAL | TROY FREE PRESS,www.lincolnnewsnow.com | www.lincolnnewsnow.com
same website,maryvilleforum.com,2,2,"Garner Media Holdings, LLE",no,GRANT CITY TIMES TRIBUNE | MARYVILLE FORUM,www.maryvilleforum.com | www.maryvilleforum.com
same website,molawyersmedia.com,2,2,BridgeTower Media,no,"COUNTIAN ST. LOUIS, THE | ST. LOUIS MISSOURI LAWYERS WEEKLY",www.molawyersmedia.com | www.molawyersmedia.com
same website,monroe-ralls.com,2,0,(none recorded),yes,RALLS CO HERALD-ENTERPRISE | MONROE COUNTY APPEAL,www.monroe-ralls.com | www.monroe-ralls.com
same website,mycnews.com,2,2,CherryRoad Media,no,ST. CHARLES COMMUNITY NEWS | ST. LOUIS COMMUNITY NEWS,www.mycnews.com | www.mycnews.com
same website,pikecountynews.com,2,2,CherryRoad Media,no,PIKE COUNTY NEWS | PIKE COUNTY NEWS,www.pikecountynews.com | www.pikecountynews.com
same website,standard-democrat.com,2,2,Rust Communications,no,NEW MADRID WEEKLY RECORD | SIKESTON STANDARD-DEMOCRAT,www.standard-democrat.com | www.standard-democrat.com
same website,theodessan.net,2,0,(none recorded),yes,FOCUS ON OAK GROVE | ODESSA ODESSAN,www.theodessan.net | www.theodessan.net
same website,threeriverspublishing.com,2,2,Tri-County Newspaper Inc,no,SAINT JAMES PRESS | STEELVILLE STAR-CRAWFORD MIRROR,www.threeriverspublishing.com | www.threeriverspublishing.com
