host,book_name,our_name,book_city,our_city,our_articles
myleaderpaper.com,ARNOLD-IMPERIAL LEADER,Leader,Arnold,Arnold,163
www.northcassherald.com,NORTH CASS HERALD,Cass County News/The North Cass Herald,Belton,Belton,33
www.boonvilledailynews.com,BOONVILLE NEWS,Booneville Daily News,Boonville,Boonville,761
www.pikecountynews.com,PIKE COUNTY NEWS,Pike County News/Bowling Green Times,Bowling Green,Bowling Green,284
www.lakenewsonline.com,LAKE SUN,Lake Sun Leader/Lake News Online,Camdenton,Osage Beach,633
mycameronnews.com,CAMERON CITIZEN-OBSERVER,Citizen Observer,Cameron,Cameron,394
lewispnj.com,LEWIS COUNTY PRESS-NEWS JOURNAL,Press News Journal,Canton,Canton,387
carthagenewsonline.com,CARTHAGE CHRONICLE,Carthage Press,Carthage,Carthage,426
molawyersmedia.com,"COUNTIAN ST. LOUIS, THE",Missouri Lawyers,Clayton,St. Louis,470
www.bentoncountyenterprise.com,COLE CAMP COURIER,Benton County Enterprise,Cole Camp,Warsaw,659
dexterstatesman.com,"STATESMAN, THE",The Daily/Dexter Statesman,Dexter,Dexter,496
myleaderpaper.com,EUREKA LEADER,Leader,Eureka,Arnold,163
www.fayettenewspapers.com,FAYETTE ADVERTISER,Webster Kirkwood News,Fayette,Webster Groves,580
myleaderpaper.com,JEFFERSON COUNTY LEADER,Leader,Festus,Arnold,163
myleaderpaper.com,WEST SIDE LEADER,Leader,Festus,Arnold,163
democratnewsonline.com,FREDERICKTOWN DEMOCRAT-NEWS,Democrat-News,Fredericktown,Fredericktown,25
www.ozarkcountytimes.com,GAINESVILLE OZARK COUNTY TIMES,Ozark County Times,Gainesville,Gainesville,329
www.maryvilleforum.com,GRANT CITY TIMES TRIBUNE,The Maryville Daily Forum,Grant City,Maryville,2630
www.examiner.net,INDEPENDENCE EXAMINER,The Examiner / Examiner Weekend,Independence,Independence,1472
myironcountynews.com,IRONTON MOUNTAIN ECHO,Mountain Echo,Ironton,Ironton,54
jamesporttricountyweekly.com,JAMESPORT TRI-COUNTY WEEKLY,Tri-County Weekly,Jamesport,Jamesport,439
www.newstribune.com,JEFFERSON CITY NEWS TRIBUNE,Jefferson City News Tribune/News Tribune,Jefferson City,Jefferson City,5058
www.kirksvilledailyexpress.com,KIRKSVILLE DAILY EXPRESS & NEWS,Kirksville Daily Express,Kirksville,Kirksville,984
www.laclederecord.com,LACLEDE COUNTY RECORD,The Lebanon/LaClede Daily Record,Lebanon,Lebanon,449
www.bentoncountyenterprise.com,LINCOLN NEW ERA,Benton County Enterprise,Lincoln,Warsaw,659
www.unterrifieddemocrat.com,LINN UNTERRIFIED DEMOCRAT,The Unterrified Democrat,Linn,Linn,809
www.pikecountynews.com,PIKE COUNTY NEWS,Pike County News/Bowling Green Times,Louisiana,Bowling Green,284
maconhomepress.com,MACON COUNTY HOME PRESS & JOURNAL,The Macon County Home Press,Macon,Macon,149
www.thebannerpress.com,MARBLE HILL BANNER PRESS,The Banner Press,Marble Hill,Marble Hill,52
www.maryvilleforum.com,MARYVILLE FORUM,The Maryville Daily Forum,Maryville,Maryville,2630
www.moberlymonitor.com,MOBERLY MONITOR-INDEX,Moberly Monitor,Moberly,Moberly,333
www.lakegazette.net,MONROE CITY LAKE GAZETTE,Lake Gazette,Monroe City,Monroe City,186
www.lawrencecountyrecord.com,MOUNT VERNON LAWRENCE CO. RECORD,Lawrence County Record,Mount Vernon,Mount Vernon,212
standard-democrat.com,NEW MADRID WEEKLY RECORD,Sikeston Standard Democrat,New Madrid,Sikeston,2493
kccallnews.net,KANSAS CITY CALL NEWSPAPERS,Kansas City Call,Online newspaper,Kansas City,14
northeastnews.net,KANSAS CITY NORTHEAST NEWS,North East News,Online newspaper,Kansas City,330
www.gasconadecountyrepublican.com,OWENSVILLE GASCONADE CO. REPUBLICAN,Gasconade County Republican,Owensville,Owensville,775
ccheadliner.com,CHRISTIAN COUNTY HEADLINER-NEWS,Christian County Headliner,Ozark,Ozark,754
dailyjournalonline.com,PARK HILLS DAILY JOURNAL,"Daily Journal, Park Hills",Park Hills,Park Hills,886
republicmonitor.com,"REPUBLIC-MONITOR, PERRYVILLE",Perryville Republic Monitor,Perryville,Republic,1297
www.waynecojournalbanner.com,PIEDMONT WAYNE CO. JOURNAL-BANNER,Reynolds County Courier/WayNe County Journal Banner,Piedmont,Ellington,201
plattecountylandmark.com,PLATTE COUNTY LANDMARK,The Landmark,Platte City,Platte City,1149
www.darnews.com,POPLAR BLUFF DAILY AMERICAN REPUBLIC,Daily American Republic,Poplar Bluff,Poplar Bluff,2545
www.theijnews.com,POTOSI INDEPENDENT JOURNAL,Independent-Journal,Potosi,Potosi,267
www.richmond-dailynews.com,RICHMOND NEWS,Richmond Daily News,Richmond,Richmond,389
farmerpublishing.com,ATCHISON COUNTY MAIL,Atchinson County Mail,Rock Port,Rock Port,808
threeriverspublishing.com,SAINT JAMES PRESS,Tri-County Weekly,Saint James,Jamesport,66
thesalemnewsonline.com,THE SALEM NEWS,Salem News Online,Salem,Salem,424
www.webstercountycitizen.com,SEYMOUR WEBSTER COUNTY CITIZEN,Webster County Citizen,Seymour,Seymour,925
www.mycnews.com,ST. CHARLES COMMUNITY NEWS,Community News,St. Charles,St Charles,29
www.newspressnow.com,ST. JOSEPH NEWS-PRESS,News Press Now,St. Joseph,St. Joseph,6162
www.mycnews.com,ST. LOUIS COMMUNITY NEWS,Community News,St. Louis,St Charles,29
molawyersmedia.com,ST. LOUIS MISSOURI LAWYERS WEEKLY,Missouri Lawyers,St. Louis,St. Louis,470
www.timesnewspapers.com,ST. LOUIS WEBSTER - KIRKWOOD TIMES,Fayette Advertiser,St. Louis,Fayette,213
threeriverspublishing.com,STEELVILLE STAR-CRAWFORD MIRROR,Tri-County Weekly,Steelville,Jamesport,66
cedarrepublican.com,"CEDAR COUNTY REPUBLICAN, STOCKTON",Cedar County Republican and Stockton Journal,Stockton,Stockton,34
www.warrensburgstarjournal.com,WARRENSBURG DAILY STAR-JOURNAL,The Daily Star-Journal,Warrensburg,Warrensburg,1113
www.clintondailydemocrat.com,WINDSOR REVIEW,Clinton Daily Democrat,Windsor,Clinton,684
