name,city,url,website_status,host,publisher,editor,address,telephone
TRI-COUNTY LEDGER,Albany,,,,Matthew Pearl,Matthew Pearl,"110 E. Vermont St., PO Box 428, King City 64463",(660) 535-4313
APPLETON CITY JOURNAL,Appleton City,www.stclaircourier.com/,,www.stclaircourier.com,Trevor Vernon,Brandy Bourland,"285 Pine, PO Box 580, Osceola 64776",(417) 646-2211
JASPER COUNTY CITIZEN,Carl Junction,,,,Paul E. Donley,Paul E. Donley,"101 N. Sixth St., PO Box 400, Sarcoxie 64862",(417) 548-3311
CARROLLTON DEMOCRAT,Carrollton,www.mainstreetnewsgroup.com/thecarrolltondemocrat,404,www.mainstreetnewsgroup.com,Frank W. Mercer,Janet Zullig,"102 E. Benton St., PO Box 69, Carrollton 64633",(660) 542-0881
CHARLESTON ENTERPRISE-COURIER,Charleston,www.enterprisecourier.com,Replica,www.enterprisecourier.com,Carlin Bennett,Adam Rhodes,"101 E. Main St., East Prairie 63845",(573) 649-9500
WEST & MID RIVERS NEWSMAGAZINE,Chesterfield,www.westnewsmagazine.com,,www.westnewsmagazine.com,Tim Weber,Kate Uptergrove,"754 Spirit 40 Park Dr., Chesterfield 63005",(636) 591-0010
"CONCORDIAN, THE",Concordia,,,,Kathryn Dohrman,Kathryn Dohrman,"607 S. Main St., Ste. B, PO Box 658, Concordia 64020",(660) 463-7522
CRANE CHRONICLE/STONE COUNTY REPUBLICAN,Crane,www.cc-scrnews.com,404,www.cc-scrnews.com,Karen Fioretti,AJ Fahr,"114 Main St., PO Box 401, Crane 65633",(417) 723-5248
EAST PRAIRIE EAGLE,East Prairie,www.enterprisecourier.com,Replica,www.enterprisecourier.com,Carlin Bennett,Adam Rhodes,"101 E. Main St., East Prairie 63845",(573) 649-9500
"STAR, THE",El Dorado Springs,,,,James Belk,James Belk,"105 S. Main St., PO Box 269, El Dorado Springs 64744",(417) 876-2500
ELDON ADVERTISER,Eldon,,,,Trevor Vernon,Tim Flora,"eldonadvertiser.com, 415 S. Maple St., PO Box 315, Eldon 65026",(573) 392-5658
GLASGOW MISSOURIAN,Glasgow,www.mainstreetnewsgroup.com/theglasgowmissourian,404,www.mainstreetnewsgroup.com,Frank Mercer,Mike Heying,"109 Market St., Glasgow 65254",(660) 338-2195
HALE HORIZONS,Hale,,,,Cindy Corf,Robert Corf,"29236 Hwy. J, PO Box 36, Hale 64643",(660) 565-2555
TRIBUNE AND TIMES,Harrisonville,www.tribuneandtimes.com,,www.tribuneandtimes.com,Dennis Minich,James Gillespie,"305 W. Wall St. #C, PO Box 275, Harrisonville 64701",(816) 793-0540
HERMITAGE INDEX,Hermitage,www.hermitageindex.com,,www.hermitageindex.com,Trevor Vernon,,"23638 Polk St., PO Box 127, Hermitage 65668",(417) 745-6404
"COUNTIAN JEFFERSON, THE",Hillsboro,,,,Johnny Aguirre,Jordan Yount,"mlmcounties.com/news/jefferson-county, 10626 Hwy. 21, Ste. B, Hillsboro 63050",(636) 789-5853
JEFFERSON COUNTY REPORTER,Hillsboro,,,,Shannon Grindinger,Pamela Wingo,"284 Main St., Hillsboro 63050",(816) 221-2552
KAHOKA HOMETOWN JOURNAL,Kahoka,www.htjournal.net,,www.htjournal.net,Joe & Lisa Roberts,Joe Roberts,"258 W. Main St., Kahoka 63445",(660) 727-3383
TRI-COUNTY LEDGER,King City,,,,Matthew Pearl,Matthew Pearl,"110 E. Vermont St., PO Box 498, King City 64463",(660) 535-4313
LAWSON REVIEW,Lawson,www.facebook.com/lawsonreview1979,Social,www.facebook.com,Anita Duncan,Anita Duncan,"405 N. Pennsylvania Ave., PO Box 125, Lawson 64062",(816) 296-3412
LEXINGTON NEWS,Lexington,www.mainstreetnewsgroup.com/thelexingtonnews,404,www.mainstreetnewsgroup.com,Frank Mercer,Joe Parmon,"1009 Franklin Ave., PO Box 279, Lexington 64067",(660) 259-2266
COURIER TRIBUNE/GLADSTONE DISPATCH,Liberty,,,,Jeremy Gulban,Amanda Lubinski,"mycouriertribune.com, 104 N. Main St., Liberty 64068",(816) 781-4941
"NODAWAY NEWS LEADER, MARYVILLE",Maryville,www.nodawaynews.com,404,www.nodawaynews.com,Kay Wilson,Kay Wilson,"116 E. Third, PO Box 373, Maryville 64468",(660) 562-4747
DEKALB CO. RECORD-HERALD,Maysville,,,,Terry Pearl,Chrissy Stefano,"508 S. Polk St., PO Box 98, Maysville 64469",(816) 449-2121
MOUND CITY NEWS,Mound City,www.moundcitynews.com,Replica,www.moundcitynews.com,Adam Johnson,Dennis Sharkey,"18121 Hwy. 59, PO Box 175, Mound City 64470",(660) 442-5423
"NEWTON COUNTY NEWS, NEOSHO",Neosho,,,,Chad Hayworth,Chad Hayworth,"15647 Hammer Rd., Neosho 64850",(417) 455-6901
RALLS CO HERALD-ENTERPRISE,New London,www.monroe-ralls.com,,www.monroe-ralls.com,Robin Gregg,Robin Gregg,"221 N. Main St., PO Box 207, Paris 65275",(573) 985-3420
FOCUS ON OAK GROVE,Oak Grove,www.theodessan.net,Print,www.theodessan.net,John & Joe Spaar,Ruth Ann Hafner,"103 SE 12th St., Oak Grove 64075",(816) 690-7218
ODESSA ODESSAN,Odessa,www.theodessan.net,Print,www.theodessan.net,John & Joe Spaar,Hannah Spaar,"212 Mason St., Odessa 64076",(816) 230-5311
OSCEOLA ST. CLAIR COUNTY COURIER,Osceola,,,,Trevor Vernon,Brandy Bourland,"285 Pine St., PO Box 580, Osceola 64776",(417) 646-2211
MONROE COUNTY APPEAL,Paris,www.monroe-ralls.com,See: RALLS CO HERALD-ENTERPRISE,www.monroe-ralls.com,Robin Gregg,Robin Gregg,"209 N. Main St., Paris 65275",(660) 462-6937
"CLINTON COUNTY LEADER, PLATTSBURG",Plattsburg,www.clintoncountyleader.com,,www.clintoncountyleader.com,Jamey & D’Anna Honeycutt,Brett Adkison,"102 E. Maple St., Plattsburg 64477",(816) 539-2111
PRINCETON POST-TELEGRAPH,Princeton,https://northmissouriannews.com/post-telegraph,404,northmissouriannews.com,Preston Cole,Preston Cole,"704 Main St., PO Box 286, Princeton 64673",(660) 748-3266
RICH HILL MINING REVIEW,Rich Hill,www.richhillminingreview.com,404,www.richhillminingreview.com,Trevor Vernon,Brandy Bourland,"PO Box 580, Osceola 64779",(417) 646-2211
CHARITON MARQUEE,Salem,www.charitonmarquee.com,,www.charitonmarquee.com,Melanie Latamondeer,,"110 E. Second St., Salisbury 65281",(660) 388-6131
SARCOXIE RECORD,Sarcoxie,,,,Paul E. Donley,Paul E. Donley,"101 N. Sixth St., PO Box 400, Sarcoxie 64862",(417) 548-3311
SLATER MAIN STREET NEWS,Slater,www.slatermainstreetnews.com,Replica,www.slatermainstreetnews.com,Jean E. Black,Jean E. Black,"222 Main St., Slater 65349",(660) 529-2249
SPRINGFIELD BUSINESS JOURNAL,Springfield,www.sbj.net,,www.sbj.net,Marty Goodnight,Christine Temple,"2101 W. Chesterfield Blvd., Ste. B105, PO Box 1365,, Springfield 65807",(417) 831-3238
SPRINGFIELD DAILY EVENTS,Springfield,www.thedailyevents.com,,www.thedailyevents.com,Jeff Schrag,Susie Barnes,"310 W. Walnut St., PO Box 1, Springfield 65806",(417) 866-1401
ST. CHARLES COUNTY JOURNAL,St. Charles,,,,Shannon Grindinger,,"300 S. Second St., St. Charles 63301",(816) 221-2552
ST. LOUIS CITY MONITOR,St. Louis,,,,John Wingo,Trevor Henderson,"200 N. 13th St., St. Louis 63103",(816) 221-2552
ST. LOUIS COUNTY LEDGER,St. Louis,,,,John Wingo,Lacey Whittaker,"7730 Carondelet, Ste. 101, St. Louis 63105",(314) 862-1875
SUMMERSVILLE BEACON,Summersville,www.sbeacon.com,Replica,www.sbeacon.com,Sharon Vaughn,Sharon Vaughn,"205 Richards Ave., PO Box 272, Summersville 65571",(417) 932-4700
SWEET SPRINGS HERALD,Sweet Springs,,,,Kathryn Dohrman,Kathryn Dohrman,"238 W. Main St., Sweet Springs 65351",(660) 335-6366
TIPTON TIMES,Tipton,www.tiptontimes.com,,www.tiptontimes.com,Trevor Vernon,Becky Holloway,"113 E. Morgan St., PO Box U, Tipton 65081",(660) 433-5721
TRENTON REPUBLICAN-TIMES,Trenton,www.republican-times.com,Closed,www.republican-times.com,Jamey & D’Anna Honeycutt,Jamey Honeycutt,"122 E. Eighth St., PO Box 548, Trenton 64683",(660) 359-2212
LINCOLN COUNTY JOURNAL,Troy,www.lincolnnewsnow.com,Redirected,www.lincolnnewsnow.com,Jeremy Gulban,Gregory Orear,"280 Magee St., Troy 63379",(636) 528-9550
UNIONVILLE REPUBLICAN,Unionville,,,,Ron Kinzler,Karen Bradshaw,"northmissourinews.com, 111 S. 16th St., PO Box 365, Unionville 63565",(660) 947-2222
CURRENT LOCAL,Van Buren,,,,Mike Grassham,Mike Grassham,"504 Ash St., PO Box 100, Van Buren 63965",(573) 323-4515
MORGAN COUNTY STATESMAN,Versailles,www.morgancountystatesman.com,Replica,www.morgancountystatesman.com,Bryan E. Jones,Bryan E. Jones,"104 W. Jasper, PO Box 348, Versailles 65084, Wed. (Rep",(573) 378-5441
WELLSVILLE OPTIC-NEWS,Wellsville,,,,Tracy L. Park,Natalie A. Ison,"123 W. Hudson St., PO Box 73, Wellsville 63384",(573) 684-2929
