outlet_id,field,value,was,by,at,in_sources
23f8aa83-de43-41d0-98c5-d20ee9fbdf5e,outlet,The Star,"Star, The",damon,2026-09-27,no
fa708e3c-0d11-4cde-96bf-2d32a5330d0f,host,https://www.gladstonedispatch.com/,,damon,2026-09-27,no
041b53f0-0e8b-4ab9-849e-4cdde2d8e8b6,host,https://glasgowmissourian.com/,mainstreetnewsgroup.com,damon,2026-09-27,no
041b53f0-0e8b-4ab9-849e-4cdde2d8e8b6,owner,Melanie Latamondeer,Frank Mercer,damon,2026-09-27,no
c40187e2-8ce3-4673-8a6a-285bbfe65d62,host,https://thenextpagekc.com,,damon,2026-09-27,no
92973620-27a8-48a2-8fdc-457e84dd68aa,host,https://carthagenewsonline.com/,,damon,2026-09-27,no
92973620-27a8-48a2-8fdc-457e84dd68aa,owner,Paul E. Donley,Independently Owned Newspaper,damon,2026-09-27,no
89ac4f9b-41be-4512-af6e-6333650dc9a8,owner,Paul E. Donley,Independently Owned Newspaper,damon,2026-09-27,no
6b0b369d-aac9-4a7c-9412-bafd377d8b19,outlet,The Concordian,"Concordian, The",damon,2026-09-27,no
9c37460e-29e8-4e6e-bacd-e238bc4078b4,owner,Melanie Latamondeer,John & Joe Spaar,damon,2026-09-27,no
ce28a235-951f-4300-aaae-790abb169e0e,host,https://www.maconhomepress.com/,,damon,2026-09-27,no
af6c1c0e-5340-4b94-9ba1-d77d58375962,outlet,Newton County News,"Newton County News, Neosho",damon,2026-09-27,no
d062d424-b366-478e-bcb9-7a43f9cc00db,outlet,Nodaway News Leader,"Nodaway News Leader, Maryville",damon,2026-09-27,no
19e9c99f-3085-4fcf-a5d1-f05759bdd605,host,http://thepeoplestribune.com/,,damon,2026-09-27,no
d90390dc-2781-4a51-b385-69f88f1173ab,city,Clarence,,damon,2026-09-27,no
fad203d9-5449-47de-8a39-622cff1c534a,host,https://www.mainstreetnewsgroup.com/stclaircountycourier/,,damon,2026-09-27,no
5b6eab79-0d79-405f-8c60-4559fcef3e5b,host,https://www.stonecountyrepublican.com/,cc-scrnews.com,damon,2026-09-27,no
