listed_as,name,place,ceased,note
Albany Ledger (Ceased),Albany Ledger,,yes,
Appleton City Journal (Ceased - inserted into St. Clair Jo.) (CEASED)*,Appleton City Journal,,yes,Ceased - inserted into St. Clair Jo.
Arnold-Imperial Leader,Arnold-Imperial Leader,,no,
Aurora Advertiser,Aurora Advertiser,,no,
Barry County Advertiser (not a legal pub) (CEASED)*,Barry County Advertiser,,yes,not a legal pub
Belle Banner (Ceased),Belle Banner,,yes,
"Benton County Enterprise | Warsaw, Cole Camp & Lincoln",Benton County Enterprise,"Warsaw, Cole Camp & Lincoln",no,
Bethany Republican-Clipper,Bethany Republican-Clipper,,no,
Bland Courier (Ceased),Bland Courier,,yes,
Bolivar Herald-Free Press,Bolivar Herald-Free Press,,no,
Boone County Journal,Boone County Journal,,no,
Boonville Daily News,Boonville Daily News,,no,
Bowling Green Times (Ceased),Bowling Green Times,,yes,
Branson Tri-lake News,Branson Tri-lake News,,no,
Buffalo Reflex,Buffalo Reflex,,no,
Cabool Enterprise (Ceased),Cabool Enterprise,,yes,
California Democrat,California Democrat,,no,
Call Newspapers | St. Louis,Call Newspapers,St. Louis,no,
Camdenton Reporter,Camdenton Reporter,,no,
Cameron Citizen-Observer,Cameron Citizen-Observer,,no,
Carrollton Democrat,Carrollton Democrat,,no,
Carthage Chronicle,Carthage Chronicle,,no,
Cass Co. Democrat Missourian (Ceased),Cass Co. Democrat Missourian,,yes,
Cassville Democrat,Cassville Democrat,,no,
Ceased - Pierce City Leader Journal (CEASED)*,Pierce City Leader Journal,,yes,
Centralia Fireside Guard,Centralia Fireside Guard,,no,
Chariton County Journal (Ceased),Chariton County Journal,,yes,
Chariton Marquee,Chariton Marquee,,no,
Charleston Enterprise-Courier,Charleston Enterprise-Courier,,no,
Clinton Daily Democrat | Windsor Review,Clinton Daily Democrat,Windsor Review,no,
Clinton Eye (Ceased),Clinton Eye,,yes,
Cole Camp Courier (Inserted in Benton Co. Enterprise) (CEASED)*,Cole Camp Courier,,yes,Inserted in Benton Co. Enterprise
Columbia Daily Tribune,Columbia Daily Tribune,,no,
Columbia Missourian,Columbia Missourian,,no,
Community News | St. Charles County (CEASED)*,Community News,St. Charles County,yes,
Community News | St. Louis County,Community News,St. Louis County,no,
Concord Call (Included with Call Newspapers),Concord Call,,no,Included with Call Newspapers
Concordian,Concordian,,no,
Constitution-Tribune,Constitution-Tribune,,no,
"Courier-Tribune (Serving Kearney, Smithville and Liberty)",Courier-Tribune,,no,"Serving Kearney, Smithville and Liberty"
Crane Chronicle/Stone County Republican,Crane Chronicle/Stone County Republican,,no,
Cuba Free Press,Cuba Free Press,,no,
Dexter Statesman,Dexter Statesman,,no,
Dixon Pilot,Dixon Pilot,,no,
Douglas County Herald | Ava,Douglas County Herald,Ava,no,
East Prairie Eagle,East Prairie Eagle,,no,
Edina Sentinel,Edina Sentinel,,no,
El Dorado Springs | The Star,El Dorado Springs,The Star,no,
El Dorado Springs Sun,El Dorado Springs Sun,,no,
Eldon Advertiser,Eldon Advertiser,,no,
Elsberry Democrat,Elsberry Democrat,,no,
Eureka Leader,Eureka Leader,,no,
Excelsior Springs Standard,Excelsior Springs Standard,,no,
Fayette Advertiser / Democrat Leader,Fayette Advertiser / Democrat Leader,,no,
Focus on Oak Grove,Focus on Oak Grove,,no,
Fredericktown Democrat-News,Fredericktown Democrat-News,,no,
Fulton Sun,Fulton Sun,,no,
Gainesville Ozark County Times,Gainesville Ozark County Times,,no,
Gallatin North Missourian,Gallatin North Missourian,,no,
Glasgow Missourian,Glasgow Missourian,,no,
Grandview Jackson County Advocate (Ceased),Grandview Jackson County Advocate,,yes,
Grant City Times Tribune,Grant City Times Tribune,,no,
Green Park Call (Included with Call Newspapers),Green Park Call,,no,Included with Call Newspapers
Greene County Commonwealth,Greene County Commonwealth,,no,
Greenfield Vedette,Greenfield Vedette,,no,
Hale Horizions,Hale Horizions,,no,
Hamilton The Caldwell County News,Hamilton The Caldwell County News,,no,
Hannibal Courier-Post,Hannibal Courier-Post,,no,
Hermann Advertiser-Courier,Hermann Advertiser-Courier,,no,
Hermitage Index,Hermitage Index,,no,
Higginsville Advance,Higginsville Advance,,no,
Holden Image,Holden Image,,no,
Houston Herald,Houston Herald,,no,
Humansville Star-Leader (Ceased),Humansville Star-Leader,,yes,
Independence Examiner,Independence Examiner,,no,
Ironton Mountain Echo,Ironton Mountain Echo,,no,
Jackson Cash-Book Journal,Jackson Cash-Book Journal,,no,
Jamesport Tri-County Weekly,Jamesport Tri-County Weekly,,no,
Jasper County Citizen,Jasper County Citizen,,no,
Jefferson City News Tribune,Jefferson City News Tribune,,no,
Jefferson County Leader,Jefferson County Leader,,no,
Jefferson County Reporter,Jefferson County Reporter,,no,
Joplin Globe,Joplin Globe,,no,
Kahoka Hometown Journal,Kahoka Hometown Journal,,no,
Kahoka The Media,Kahoka The Media,,no,
Kansas City Daily Record,Kansas City Daily Record,,no,
Kansas City Northeast News,Kansas City Northeast News,,no,
Kansas City Pulse Legal Publication,Kansas City Pulse Legal Publication,,no,
Kansas City Star,Kansas City Star,,no,
Kansas City The Pitch,Kansas City The Pitch,,no,
Kennett Delta Dunklin Democrat,Kennett Delta Dunklin Democrat,,no,
Kirksville Daily Express,Kirksville Daily Express,,no,
Laclede County Record,Laclede County Record,,no,
Lake Sun | Camdenton & Lake Ozark,Lake Sun,Camdenton & Lake Ozark,no,
Lamar Democrat,Lamar Democrat,,no,
Lawrence County Record | Monett Times,Lawrence County Record,Monett Times,no,
Lawson Review,Lawson Review,,no,
Lee's Summit Journal (Ceased),Lee's Summit Journal,,yes,
Lee's Summit Tribune (Online Only) (CEASED)*,Lee's Summit Tribune,,yes,Online Only
Lewis County Press-News Journal,Lewis County Press-News Journal,,no,
Lexington News,Lexington News,,no,
Liberal News (Ceased),Liberal News,,yes,
Licking News,Licking News,,no,
Lincoln New Era (CEASED)*,Lincoln New Era,,yes,
Linn County Leader | Brookfield,Linn County Leader,Brookfield,no,
Linn Unterrified Democrat,Linn Unterrified Democrat,,no,
Macon County Home Press,Macon County Home Press,,no,
Mail Call (Included with Call Publications),Mail Call,,no,Included with Call Publications
Mansfield Mirror (merged withMt. Grove and became Wright Co. Jo.) (CEASED)*,Mansfield Mirror,,yes,merged withMt. Grove and became Wright Co. Jo.
Marble Hill Banner Press,Marble Hill Banner Press,,no,
Maries County Advocate,Maries County Advocate,,no,
Marshall Democrat-News,Marshall Democrat-News,,no,
Marshfield Mail,Marshfield Mail,,no,
Maryville Forum,Maryville Forum,,no,
Maryville Nodaway News Leader,Maryville Nodaway News Leader,,no,
Maysville DeKalb Co. Record-Herald,Maysville DeKalb Co. Record-Herald,,no,
Memphis Democrat,Memphis Democrat,,no,
Mexico Ledger,Mexico Ledger,,no,
Milan Standard,Milan Standard,,no,
Mississippi County Times (CEASED)*,Mississippi County Times,,yes,
Missouri Lawyers Weekly,Missouri Lawyers Weekly,,no,
Moberly Monitor-Index,Moberly Monitor-Index,,no,
Monett Times (Ceased),Monett Times,,yes,
Monroe | Ralls (CEASED)*,Monroe,Ralls,yes,
Monroe City Lake Gazette,Monroe City Lake Gazette,,no,
Montgomery Standard,Montgomery Standard,,no,
Morgan County Statesman,Morgan County Statesman,,no,
Mound City News,Mound City News,,no,
Mountain Grove News-Journal (Ceased),Mountain Grove News-Journal,,yes,
Mountain View Standard News (Ceased),Mountain View Standard News,,yes,
Neosho Daily News | Seneca News-Dispatch,Neosho Daily News,Seneca News-Dispatch,no,
Neosho Newton County News - Ceased 2025 (CEASED)*,Neosho Newton County News,,yes,
Nevada Daily Mail,Nevada Daily Mail,,no,
New Haven Independent News (Ceased),New Haven Independent News,,yes,
New Madrid Weekly Record,New Madrid Weekly Record,,no,
News-Xpress (CEASED)*,News-Xpress,,yes,
Norborne Democrat-Leader (Ceased),Norborne Democrat-Leader,,yes,
North Cass Herald | Belton,North Cass Herald,Belton,no,
Oakville Call (Included with Call Newspapers),Oakville Call,,no,Included with Call Newspapers
Odessa Odessan,Odessa Odessan,,no,
Oregon Times Observer (Ceased),Oregon Times Observer,,yes,
Owensville Gasconade Co. Republican,Owensville Gasconade Co. Republican,,no,
Ozark Christian County Headliner-News,Ozark Christian County Headliner-News,,no,
Palmyra Spectator,Palmyra Spectator,,no,
Park Hills Daily Journal,Park Hills Daily Journal,,no,
Pemiscot Press,Pemiscot Press,,no,
Perryville MidAmerica Farmer Grower,Perryville MidAmerica Farmer Grower,,no,
Perryville Perry County Republic-Monitor,Perryville Perry County Republic-Monitor,,no,
Phelps County Focus,Phelps County Focus,,no,
Piedmont Wayne Co. Journal-Banner,Piedmont Wayne Co. Journal-Banner,,no,
Pike County News | Bowling Green,Pike County News,Bowling Green,no,
Pineville McDonald Co. Press,Pineville McDonald Co. Press,,no,
Platte City Platte County Landmark,Platte City Platte County Landmark,,no,
Platte City Platte County Citizen,Platte City Platte County Citizen,,no,
Plattsburg Clinton County Leader,Plattsburg Clinton County Leader,,no,
Pleasant Hill Times (CEASED)*,Pleasant Hill Times,,yes,
Poplar Bluff Daily American Republic,Poplar Bluff Daily American Republic,,no,
Portageville Missourian News (Ceased),Portageville Missourian News,,yes,
Potosi Independent Journal,Potosi Independent Journal,,no,
Princeton Post-Telegraph,Princeton Post-Telegraph,,no,
Prospect-News,Prospect-News,,no,
Puxico Press,Puxico Press,,no,
Quincy Herald - Whig,Quincy Herald - Whig,,no,
Ralls Co. Herald-Enterprise (CEASED)*,Ralls Co. Herald-Enterprise,,yes,
Raymore Journal (Ceased),Raymore Journal,,yes,
Reynolds County Courier,Reynolds County Courier,,no,
Rich Hill Mining Review (Ceased),Rich Hill Mining Review,,yes,
Richmond News,Richmond News,,no,
Rock Port Atchison County Mail,Rock Port Atchison County Mail,,no,
Rolla Daily News (Ceased),Rolla Daily News,,yes,
Rons Publication,Rons Publication,,no,
Saint James Press,Saint James Press,,no,
Salem News,Salem News,,no,
Santa Fe Times (Ceased),Santa Fe Times,,yes,
Sarcoxie Record,Sarcoxie Record,,no,
Savannah Reporter,Savannah Reporter,,no,
Schuyler County Times,Schuyler County Times,,no,
Sedalia Democrat,Sedalia Democrat,,no,
Seneca News-Dispatch (Ceased),Seneca News-Dispatch,,yes,
Seymour Webster County Citizen,Seymour Webster County Citizen,,no,
Shannon County Current Wave,Shannon County Current Wave,,no,
Shelbina Weekly (Ceased),Shelbina Weekly,,yes,
Shelbyville Shelby County Herald,Shelbyville Shelby County Herald,,no,
Sheridan Express,Sheridan Express,,no,
Sikeston Standard-Democrat,Sikeston Standard-Democrat,,no,
Slater Main Street News,Slater Main Street News,,no,
South County Times (CEASED)*,South County Times,,yes,
Southeast Missourian,Southeast Missourian,,no,
Springfield Business Journal (CEASED)*,Springfield Business Journal,,yes,
Springfield Daily Events,Springfield Daily Events,,no,
Springfield News Leader,Springfield News Leader,,no,
St. Charles County Business Record,St. Charles County Business Record,,no,
St. Charles County Journal,St. Charles County Journal,,no,
St. Clair Co. Courier | Appleton City Journal,St. Clair Co. Courier,Appleton City Journal,no,
St. Clair Missourian,St. Clair Missourian,,no,
St. Joseph Daily Courier,St. Joseph Daily Courier,,no,
St. Joseph News-Press,St. Joseph News-Press,,no,
St. Louis American,St. Louis American,,no,
St. Louis Business Journal (CEASED)*,St. Louis Business Journal,,yes,
St. Louis City Monitor,St. Louis City Monitor,,no,
St. Louis County Legal Ledger,St. Louis County Legal Ledger,,no,
St. Louis Daily Record,St. Louis Daily Record,,no,
St. Louis Labor Tribune,St. Louis Labor Tribune,,no,
St. Louis Post-Dispatch,St. Louis Post-Dispatch,,no,
St. Louis Riverfront Times,St. Louis Riverfront Times,,no,
St. Louis Webster - Kirkwood Times,St. Louis Webster - Kirkwood Times,,no,
Ste. Genevieve Herald,Ste. Genevieve Herald,,no,
Steelville Star-Crawford Mirror,Steelville Star-Crawford Mirror,,no,
Stockton Cedar County Republican,Stockton Cedar County Republican,,no,
Stover Morgan County Press (CEASED)*,Stover Morgan County Press,,yes,
Sullivan Independent News,Sullivan Independent News,,no,
Summersville Beacon,Summersville Beacon,,no,
SunCrest Call (Included with Call Newspapers),SunCrest Call,,no,Included with Call Newspapers
Sweet Springs Herald,Sweet Springs Herald,,no,
Taney County Times (CEASED)*,Taney County Times,,yes,
Thayer South Missourian News,Thayer South Missourian News,,no,
The Countian | Jefferson,The Countian,Jefferson,no,
The Countian | St. Louis,The Countian,St. Louis,no,
Tipton Times,Tipton Times,,no,
Trenton Republican-Times - Ceased 2025 (CEASED)*,Trenton Republican-Times,,yes,
Trenton Telegraph,Trenton Telegraph,,no,
Tri-County Ledger | Albany & King City,Tri-County Ledger,Albany & King City,no,
Tribune and Times | Harrisonville and Pleasant Hill,Tribune and Times,Harrisonville and Pleasant Hill,no,
Troy Free Press,Troy Free Press,,no,
Troy Lincoln County Journal,Troy Lincoln County Journal,,no,
Union Missourian,Union Missourian,,no,
Unionville Republican,Unionville Republican,,no,
Van Buren The Current Local,Van Buren The Current Local,,no,
Vandalia Leader,Vandalia Leader,,no,
Viburnum Quad County Star (CEASED)*,Viburnum Quad County Star,,yes,
Vienna Maries County Gazette (CEASED)*,Vienna Maries County Gazette,,yes,
Warrensburg Daily Star-Journal,Warrensburg Daily Star-Journal,,no,
Warrenton Warren County Record,Warrenton Warren County Record,,no,
Washington Missourian,Washington Missourian,,no,
Webb City Sentinel (CEASED)*,Webb City Sentinel,,yes,
Wellsville Optic-News,Wellsville Optic-News,,no,
West News Magazine,West News Magazine,,no,
West Plains Daily Quill,West Plains Daily Quill,,no,
Weston Chronicle,Weston Chronicle,,no,
Westside Leader,Westside Leader,,no,
Willow Springs Howell County News,Willow Springs Howell County News,,no,
Windsor Review (CEASED)*,Windsor Review,,yes,
Wright County Journal,Wright County Journal,,no,
